profile,outcome,p_val,relation,coef,coef_95CI_lower,coef_95CI_upper,freq,pos_count,neg_count,binary_outcome,interaction_p_vals,interactions_combs,identical_profiles_pollutants
CHLOROPRENE<7.576e-07,EmergencyRoomVisit,0.036785820758853845,neg_correlate,0.5493063096285129,0.03371631652737306,1.0648963027296527,78,29,122,True,[],[],[]
TITANIUM TETRACHLORIDE>=4.926e-05,EmergencyRoomVisit,0.010884016537503009,pos_correlate,0.7116936636273417,0.16390323307482635,1.2594840941798569,74,31,120,True,[],[],[]
DIMETHYL SULFATE<7.007e-07,EmergencyRoomVisit,0.8183697463349653,neg_correlate,3.0409949088421144,-22.913460755316162,28.995450573000394,72,17,134,True,[],[],[]
POLYCHLORINATED BIPHENYLS (AROCLORS)<8.265e-09,EmergencyRoomVisit,0.03480662481965772,neg_correlate,0.7684469757401328,0.05484529415239947,1.4820486573278662,71,21,130,True,[],[],[]
PROPYLENE OXIDE<6.891e-04,EmergencyRoomVisit,0.1541343373075209,neg_correlate,0.29606878784504403,-0.11112556442372395,0.7032631401138121,71,56,95,True,[],[],[]
STYRENE>=1.075e-01,EmergencyRoomVisit,0.0945524247506118,pos_correlate,0.4236328737221504,-0.07300345697490612,0.9202692044192069,64,26,125,True,[],[],[]
BERYLLIUM COMPOUNDS>=3.165e-04,EmergencyRoomVisit,0.06310319443565941,neg_correlate,-0.36568285567090275,-0.7513375386218855,0.0199718272800799,62,13,138,True,[],[],[]
"1,3-DICHLOROPROPENE<1.455e-03",EmergencyRoomVisit,0.19845119925729304,pos_correlate,-0.24793364095916265,-0.6258106375805932,0.12994335566226783,54,27,124,True,[],[],[]
ETHYLENE OXIDE<2.582e-04,EmergencyRoomVisit,0.3007390382177145,neg_correlate,0.2111947759428023,-0.1887996334326195,0.6111891853182241,54,42,109,True,[],[],[]
HEXAMETHYLENE DIISOCYANATE>=2.350e-06,EmergencyRoomVisit,0.00977193836542352,neg_correlate,-0.5120310758694114,-0.9004372061168606,-0.1236249456219623,54,11,140,True,[],[],[]
METHYLHYDRAZINE<2.431e-06,EmergencyRoomVisit,0.019889619658744535,neg_correlate,0.5860812201206441,0.09274398354695296,1.0794184566943352,53,36,115,True,[],[],[]
O-TOLUIDINE<5.570e-08,EmergencyRoomVisit,0.04735569330384428,neg_correlate,0.47053810387242184,0.005490766600517005,0.9355854411443267,51,35,116,True,[],[],[]
STYRENE<2.085e-02,EmergencyRoomVisit,0.45931271667597107,pos_correlate,-0.14243328564027877,-0.5196927721341706,0.23482620085361308,49,27,124,True,[],[],[]
PHENOL>=2.486e-02,EmergencyRoomVisit,0.07088875676252115,neg_correlate,-0.33166736672144986,-0.6915720843291121,0.028237350886212376,47,26,125,True,[],[],[]
"POLYCHLORINATED BIPHENYLS (AROCLORS)>=8.265e-09		PROPYLENE DICHLORIDE (1,2-DICHLOROPROPANE)>=6.441e-03",EmergencyRoomVisit,0.004558295621646787,neg_correlate,-0.7331538347873966,-1.2397132225382914,-0.2265944470365019,45,8,143,True,[0.10301746260055726],"Index(['POLYCHLORINATED BIPHENYLS (AROCLORS)>=_and_PROPYLENE DICHLORIDE (1,2-DICHLOROPROPANE)>='], dtype='object')",[]
DIBUTYLPHTHALATE<1.400e-04,EmergencyRoomVisit,0.9073623513509008,pos_correlate,-0.022549558152354657,-0.40235345289838936,0.35725433659368006,45,45,106,True,[],[],[]
"1,3-BUTADIENE<1.628e-01",EmergencyRoomVisit,0.04215277496978776,neg_correlate,0.4279932823474366,0.015174470069041823,0.8408120946258314,44,57,94,True,[],[],[]
MALEIC ANHYDRIDE<1.601e-05,EmergencyRoomVisit,0.06664037699259401,neg_correlate,0.3946620060473514,-0.027085336279148442,0.8164093483738513,42,46,105,True,[],[],[]
CARBON DISULFIDE<5.609e-03,EmergencyRoomVisit,0.033068724853215783,neg_correlate,0.46307410421287415,0.037216292457970424,0.8889319159677779,39,58,93,True,[],[],[]
METHYL ISOBUTYL KETONE (HEXONE)<1.718e-01,EmergencyRoomVisit,0.1564669225447628,neg_correlate,0.32006643499456366,-0.12262548486198294,0.7627583548511103,37,35,116,True,[],[],[]
NICKEL COMPOUNDS<3.833e-03,EmergencyRoomVisit,0.45086420953591433,pos_correlate,-0.1460188262028367,-0.5255959013739914,0.23355824896831792,36,58,93,True,[],[],[]
LEAD COMPOUNDS<1.961e-03,EmergencyRoomVisit,0.5713190416932392,neg_correlate,0.11633429571481724,-0.2864338077249734,0.5191023991546079,35,50,101,True,[],[],[]
2-CHLOROACETOPHENONE>=2.742e-07,EmergencyRoomVisit,0.04883315721088633,neg_correlate,-0.3709429438303661,-0.7399876251056432,-0.0018982625550890142,35,7,144,True,[],[],[]
"1,4-DICHLOROBENZENE<1.347e-03",EmergencyRoomVisit,0.19435019853650815,neg_correlate,0.2890273027954606,-0.14746186979929404,0.7255164753902152,34,23,128,True,[],[],[]
DIMETHYL SULFATE>=7.007e-07		HYDRAZINE<2.658e-06,EmergencyRoomVisit,0.0029024517518695843,mixed_sign_profile,-0.7504916044820265,-1.2444450908662161,-0.2565381180978367,33,8,143,True,[0.9793900453695156],"Index(['DIMETHYL SULFATE>=_and_HYDRAZINE<'], dtype='object')",[]
METHYLHYDRAZINE>=2.431e-06		CADMIUM COMPOUNDS<3.233e-04,EmergencyRoomVisit,0.05753108609378972,mixed_sign_profile,-0.3506004512586327,-0.7124079044188238,0.011207001901558489,33,34,117,True,[0.9999999914171586],"Index(['METHYLHYDRAZINE>=_and_CADMIUM COMPOUNDS<'], dtype='object')",[]
PHOSPHORUS>=3.508e-04,EmergencyRoomVisit,0.8165015702475805,pos_correlate,0.047227408594954313,-0.35167475903292683,0.4461295762228355,32,24,127,True,[],[],[]
ACETAMIDE<2.134e-07,EmergencyRoomVisit,0.07299430632052623,neg_correlate,0.37946422423071635,-0.035366606245147536,0.7942950547065802,32,53,98,True,[],[],[]
MANGANESE COMPOUNDS>=5.520e-03,EmergencyRoomVisit,0.11436070516505918,neg_correlate,-0.3063834325704032,-0.6867136161356164,0.07394675099481002,31,15,136,True,[],[],[]
QUINOLINE<3.972e-07,EmergencyRoomVisit,0.1590565456219618,neg_correlate,0.33423279371296843,-0.13094273401701712,0.7994083214429539,30,21,130,True,[],[],[]
DIMETHYL PHTHALATE>=9.782e-05,EmergencyRoomVisit,0.12407762392442181,neg_correlate,-0.2819678373822004,-0.641323778522839,0.07738810375843824,28,25,126,True,[],[],[]
PHOSPHORUS<1.852e-04,EmergencyRoomVisit,0.015784896027575636,neg_correlate,0.5156615253461726,0.09696218337585033,0.9343608673164949,28,69,82,True,[],[],[]
ACRYLAMIDE<2.765e-09,EmergencyRoomVisit,0.10143702098389121,neg_correlate,0.3618998216232763,-0.07115416679726538,0.7949538100438179,28,42,109,True,[],[],[]
CUMENE<2.809e-03,EmergencyRoomVisit,0.8408082875147531,pos_correlate,-0.03995910833652501,-0.4298751384979087,0.3499569218248587,28,40,111,True,[],[],[]
FORMALDEHYDE<2.240e+00,EmergencyRoomVisit,0.6141680890712546,pos_correlate,-0.09908724297572902,-0.48431796784305,0.28614348189159194,26,55,96,True,[],[],[]
ACROLEIN<7.000e-02,EmergencyRoomVisit,0.5318974293995058,neg_correlate,0.12494739438469835,-0.2668101137176089,0.5167049024870056,26,42,109,True,[],[],[]
MERCURY COMPOUNDS>=2.163e-03,EmergencyRoomVisit,0.05603123450335617,neg_correlate,-0.3560689729723513,-0.7213008406705077,0.00916289472580506,26,25,126,True,[],[],[]
VINYL ACETATE>=1.492e-03,EmergencyRoomVisit,0.31335951053329736,pos_correlate,0.21562592132583142,-0.20355674008551206,0.6348085827371749,25,33,118,True,[],[],[]
BERYLLIUM COMPOUNDS>=3.091e-04		METHYL METHACRYLATE<1.436e-03,EmergencyRoomVisit,0.9170721029222335,mixed_sign_profile,0.021207444332364853,-0.37799359976089786,0.4204084884256276,24,13,138,True,[0.041276126174822],"Index(['BERYLLIUM COMPOUNDS>=_and_METHYL METHACRYLATE<'], dtype='object')",[]
BERYLLIUM COMPOUNDS<3.091e-04		ETHYLENE OXIDE<2.800e-04,EmergencyRoomVisit,0.042157923347296636,neg_correlate,0.47653978145374715,0.01688417912639162,0.9361953837811027,24,35,116,True,[0.7071245477876424],"Index(['BERYLLIUM COMPOUNDS<_and_ETHYLENE OXIDE<'], dtype='object')",[]
CRESOL_CRESYLIC ACID (MIXED ISOMERS)>=2.780e-02,EmergencyRoomVisit,0.3162239485724374,neg_correlate,-0.18759287749545947,-0.5544435706545079,0.17925781566358898,24,23,128,True,[],[],[]
ETHYLENE GLYCOL<4.316e-02,EmergencyRoomVisit,0.4006048613278791,neg_correlate,0.1714819187060818,-0.2283774547778267,0.5713412921899903,24,46,105,True,[],[],[]
"CHLOROPRENE>=7.318e-07		1,3-DICHLOROPROPENE<1.455e-03",EmergencyRoomVisit,0.0012589034402155231,mixed_sign_profile,-0.6987827724967931,-1.1234369099593606,-0.2741286350342256,23,11,140,True,[0.040749250478781314],"Index(['CHLOROPRENE>=_and_1,3-DICHLOROPROPENE<'], dtype='object')",[]
"HYDROQUINONE<1.654e-05		1,4-DIOXANE>=1.662e-06",EmergencyRoomVisit,0.0028221211541443153,mixed_sign_profile,0.8097003511748644,0.2783105045673038,1.341090197782425,23,44,107,True,[0.3598745674169065],"Index(['HYDROQUINONE<_and_1,4-DIOXANE>='], dtype='object')",[]
DIMETHYL SULFATE>=7.007e-07		NICKEL COMPOUNDS<2.229e-03,EmergencyRoomVisit,0.0022810150186063885,mixed_sign_profile,-0.6363387519887043,-1.04512678775595,-0.22755071622145845,23,10,141,True,[0.9888172895179635],"Index(['DIMETHYL SULFATE>=_and_NICKEL COMPOUNDS<'], dtype='object')",[]
BERYLLIUM COMPOUNDS>=3.091e-04		METHYL METHACRYLATE>=1.436e-03,EmergencyRoomVisit,0.02644816075112767,neg_correlate,-0.5712398188936431,-1.0756667498660506,-0.06681288792123563,23,8,143,True,[0.04126239414743698],"Index(['BERYLLIUM COMPOUNDS>=_and_METHYL METHACRYLATE>='], dtype='object')",[]
GLYCOL ETHERS<1.090e-03,EmergencyRoomVisit,0.04594165841608471,neg_correlate,0.572633653180269,0.010318374490494442,1.1349489318700436,23,23,128,True,[],[],[]
ACRYLIC ACID<4.320e-07,EmergencyRoomVisit,0.5772407180809888,pos_correlate,-0.10752220992756463,-0.4855850306695549,0.27054061081442565,23,22,129,True,[],[],[]
TITANIUM TETRACHLORIDE<4.924e-05		METHYLHYDRAZINE>=4.788e-06,EmergencyRoomVisit,0.01850884335538077,mixed_sign_profile,-0.42101805098436124,-0.7713716610092546,-0.07066444095946789,23,20,131,True,[0.8004732364492856],"Index(['TITANIUM TETRACHLORIDE<_and_METHYLHYDRAZINE>='], dtype='object')",[]
METHYL ISOBUTYL KETONE (HEXONE)>=2.755e-01		NAPHTHALENE<2.829e-01,EmergencyRoomVisit,0.07320717693614595,mixed_sign_profile,-0.33897330150296956,-0.709814370242905,0.03186776723696577,22,35,116,True,[nan],"Index(['METHYL ISOBUTYL KETONE (HEXONE)>=_and_NAPHTHALENE<'], dtype='object')",[]
METHYLHYDRAZINE>=4.788e-06,EmergencyRoomVisit,0.30912473891086,neg_correlate,-0.19557384379265402,-0.5724617093344393,0.1813140217491313,22,31,120,True,[],[],[]
"PROPYLENE DICHLORIDE (1,2-DICHLOROPROPANE)>=6.439e-03",EmergencyRoomVisit,0.19594657342016175,neg_correlate,-0.22945857979937037,-0.5772278784934012,0.11831071889466041,21,20,131,True,[],[],[]
CARBON DISULFIDE>=5.609e-03		STYRENE>=1.075e-01,EmergencyRoomVisit,0.0945524247506118,pos_correlate,0.4236328737221504,-0.07300345697490612,0.9202692044192069,21,26,125,True,[],"Index(['CARBON DISULFIDE>=_and_STYRENE>='], dtype='object')","[['CARBON DISULFIDE>=_and_STYRENE>=', 'STYRENE>='], ['CARBON DISULFIDE>=_and_STYRENE>=', 'STYRENE>=']]"
VINYL ACETATE<3.384e-04,EmergencyRoomVisit,0.6681003971804897,pos_correlate,-0.08213414584858107,-0.45759188565583886,0.2933235939586767,21,44,107,True,[],[],[]
DIMETHYL FORMAMIDE<4.519e-05,EmergencyRoomVisit,0.36209489223392477,neg_correlate,0.19005649669130262,-0.21866835922696,0.5987813526095652,21,38,113,True,[],[],[]
ETHYLBENZENE<4.417e-01,EmergencyRoomVisit,0.6673489217827331,neg_correlate,0.08553939240147777,-0.3045450766792457,0.47562386148220126,20,37,114,True,[],[],[]
BERYLLIUM COMPOUNDS<3.091e-04		PHENOL>=2.486e-02,EmergencyRoomVisit,0.10752878816963687,mixed_sign_profile,-0.2968199183744532,-0.6582938565889274,0.06465401984002095,20,25,126,True,[0.8841079414790537],"Index(['BERYLLIUM COMPOUNDS<_and_PHENOL>='], dtype='object')",[]
ACETALDEHYDE>=2.401e+00		BERYLLIUM COMPOUNDS<3.049e-04,EmergencyRoomVisit,0.22922099453558942,mixed_sign_profile,0.24519684171854536,-0.15449525943080647,0.6448889428678972,20,58,93,True,[0.7866216250058122],"Index(['ACETALDEHYDE>=_and_BERYLLIUM COMPOUNDS<'], dtype='object')",[]
BENZIDINE<1.194e-08,EmergencyRoomVisit,0.9876920078064089,pos_correlate,-0.002986034575694703,-0.3823696297328286,0.37639756058143925,19,37,114,True,[],[],[]
METHYL ISOBUTYL KETONE (HEXONE)>=5.571e-01		STYRENE>=1.075e-01,EmergencyRoomVisit,0.09936837847858476,pos_correlate,0.4122381961311561,-0.07805885757452041,0.9025352498368326,19,25,126,True,[0.9448097631280339],"Index(['METHYL ISOBUTYL KETONE (HEXONE)>=_and_STYRENE>='], dtype='object')",[]
NAPHTHALENE<1.099e-01,EmergencyRoomVisit,0.2563432183448545,pos_correlate,-0.2203151537316418,-0.6007386075505177,0.16010830008723415,19,42,109,True,[],[],[]
PHENOL<2.203e-02		METHYL ISOBUTYL KETONE (HEXONE)<5.571e-01,EmergencyRoomVisit,0.005615044542733041,neg_correlate,0.6480513426601017,0.18942029403974964,1.1066823912804538,19,58,93,True,[0.8561762367117531],"Index(['PHENOL<_and_METHYL ISOBUTYL KETONE (HEXONE)<'], dtype='object')",[]
EPICHLOROHYDRIN<1.413e-04,EmergencyRoomVisit,0.48160547813472665,pos_correlate,-0.1368869311875337,-0.5181357574506016,0.24436189507553419,19,61,90,True,[],[],[]
CARBON DISULFIDE>=5.609e-03		NAPHTHALENE<2.825e-01,EmergencyRoomVisit,0.0020211695336792997,mixed_sign_profile,-0.5871589460930189,-0.9599388826632766,-0.21437900952276107,19,44,107,True,[nan],"Index(['CARBON DISULFIDE>=_and_NAPHTHALENE<'], dtype='object')",[]
HEXAMETHYLENE DIISOCYANATE>=2.350e-06		ACETAMIDE<5.481e-06,EmergencyRoomVisit,0.8563771667898901,mixed_sign_profile,-1.9439770682901973,-22.995812802873022,19.107858666292625,19,5,146,True,[0.8785300470221385],"Index(['HEXAMETHYLENE DIISOCYANATE>=_and_ACETAMIDE<'], dtype='object')",[]
HEXAMETHYLENE DIISOCYANATE>=2.350e-06		ACETAMIDE>=5.481e-06,EmergencyRoomVisit,0.6617560597692138,neg_correlate,-0.08639791915399817,-0.47346237208087516,0.3006665337728789,19,6,145,True,[0.8566847095833424],"Index(['HEXAMETHYLENE DIISOCYANATE>=_and_ACETAMIDE>='], dtype='object')",[]
ACETALDEHYDE<2.299e+00,EmergencyRoomVisit,0.651878437003538,pos_correlate,-0.08899743262742353,-0.4756319219296092,0.2976370566747621,19,65,86,True,[],[],[]
PROPYLENE OXIDE<6.891e-04		PENTACHLOROPHENOL<6.564e-10,EmergencyRoomVisit,0.015668931840301215,neg_correlate,0.656568168862118,0.12404996544263813,1.1890863722815979,19,32,119,True,[0.00984039419793963],"Index(['PROPYLENE OXIDE<_and_PENTACHLOROPHENOL<'], dtype='object')",[]
PROPYLENE OXIDE<6.891e-04		PENTACHLOROPHENOL>=6.564e-10,EmergencyRoomVisit,0.33720548107922277,mixed_sign_profile,-0.17490509165981213,-0.532107502569433,0.18229731924980866,19,24,127,True,[0.009836623790011769],"Index(['PROPYLENE OXIDE<_and_PENTACHLOROPHENOL>='], dtype='object')",[]
BERYLLIUM COMPOUNDS>=3.091e-04		2-NITROPROPANE<9.381e-09,EmergencyRoomVisit,0.9838165835053014,mixed_sign_profile,-0.004029439293488452,-0.3933728036509456,0.38531392506396867,18,12,139,True,[0.8319521865244007],"Index(['BERYLLIUM COMPOUNDS>=_and_2-NITROPROPANE<'], dtype='object')",[]
PHENOL<2.479e-03,EmergencyRoomVisit,0.22218316657288795,neg_correlate,0.25599656197188936,-0.15501857544764946,0.6670116993914281,18,53,98,True,[],[],[]
BIPHENYL<3.320e-05,EmergencyRoomVisit,0.376685478251236,neg_correlate,0.19053129008563954,-0.23189638665916687,0.6129589668304459,18,26,125,True,[],[],[]
POLYCHLORINATED BIPHENYLS (AROCLORS)>=4.898e-07		O-TOLUIDINE<5.570e-08,EmergencyRoomVisit,0.12676628898412293,mixed_sign_profile,0.346375731579737,-0.09821719237235571,0.7909686555318297,18,29,122,True,[0.8747982383498409],"Index(['POLYCHLORINATED BIPHENYLS (AROCLORS)>=_and_O-TOLUIDINE<'], dtype='object')",[]
"DIBUTYLPHTHALATE>=1.519e-04		ETHYLENE DICHLORIDE (1,2-DICHLOROETHANE)<4.105e-03",EmergencyRoomVisit,0.12118037980451347,mixed_sign_profile,0.3347179612537648,-0.08857473561160151,0.758010658119131,18,47,104,True,[0.8076519679131121],"Index(['DIBUTYLPHTHALATE>=_and_ETHYLENE DICHLORIDE (1,2-DICHLOROETHANE)<'], dtype='object')",[]
"1,3-DICHLOROPROPENE>=1.455e-03		METHYL ISOBUTYL KETONE (HEXONE)<2.126e-01",EmergencyRoomVisit,0.03366264750559993,mixed_sign_profile,0.5172094791720225,0.039964109641426215,0.9944548487026188,18,33,118,True,[0.3137986184144641],"Index(['1,3-DICHLOROPROPENE>=_and_METHYL ISOBUTYL KETONE (HEXONE)<'], dtype='object')",[]
BERYLLIUM COMPOUNDS>=3.091e-04		2-NITROPROPANE>=9.381e-09,EmergencyRoomVisit,0.02830241011978662,neg_correlate,-0.473239762380227,-0.8961780748775181,-0.050301449882935945,17,9,142,True,[0.8181862183256903],"Index(['BERYLLIUM COMPOUNDS>=_and_2-NITROPROPANE>='], dtype='object')",[]
"BERYLLIUM COMPOUNDS<3.091e-04		N,N-DIMETHYLANILINE<2.718e-05",EmergencyRoomVisit,0.3394220895024749,neg_correlate,0.19566157021001482,-0.20576889114709598,0.5970920315671256,17,45,106,True,[0.9753247819012212],"Index(['BERYLLIUM COMPOUNDS<_and_N,N-DIMETHYLANILINE<'], dtype='object')",[]
BENZYL CHLORIDE<2.133e-05,EmergencyRoomVisit,0.10829368626968405,neg_correlate,0.38403728394449743,-0.08466846281144919,0.852743030700444,17,30,121,True,[],[],[]
SELENIUM COMPOUNDS>=1.336e-03,EmergencyRoomVisit,0.0665200162049021,neg_correlate,-0.3515737609966457,-0.7271095744047803,0.023962052411488854,17,13,138,True,[],[],[]
ETHYLENE OXIDE>=2.800e-04		CHLOROACETIC ACID<1.818e-07,EmergencyRoomVisit,0.020560214740040994,mixed_sign_profile,-0.4125936807232044,-0.7617651829122959,-0.06342217853411292,17,30,121,True,[nan],"Index(['ETHYLENE OXIDE>=_and_CHLOROACETIC ACID<'], dtype='object')",[]
PROPYLENE OXIDE>=6.891e-04		NAPHTHALENE<2.825e-01,EmergencyRoomVisit,0.01889467094614712,mixed_sign_profile,-0.4481711580198687,-0.8223398296923324,-0.07400248634740492,17,46,105,True,[nan],"Index(['PROPYLENE OXIDE>=_and_NAPHTHALENE<'], dtype='object')",[]
ETHYLENE OXIDE>=2.640e-04		VINYL CHLORIDE<7.907e-03,EmergencyRoomVisit,0.010907850173017706,mixed_sign_profile,-0.4749149805504036,-0.8405665635449606,-0.10926339755584652,17,28,123,True,[0.9999999449251518],"Index(['ETHYLENE OXIDE>=_and_VINYL CHLORIDE<'], dtype='object')",[]
"POLYCHLORINATED BIPHENYLS (AROCLORS)>=8.265e-09		PROPYLENE DICHLORIDE (1,2-DICHLOROPROPANE)<6.442e-03		2-CHLOROACETOPHENONE>=2.420e-07",EmergencyRoomVisit,0.02268486648167338,mixed_sign_profile,-0.4409274524845342,-0.8201795184241916,-0.061675386544876754,16,8,143,True,['repeated'],"Index(['PROPYLENE DICHLORIDE (1,2-DICHLOROPROPANE)<_and_2-CHLOROACETOPHENONE>='], dtype='object')",[]
NICKEL COMPOUNDS>=3.833e-03		COBALT COMPOUNDS<1.593e-04,EmergencyRoomVisit,0.034871822519868874,mixed_sign_profile,0.5320860682298234,0.037798486976671486,1.0263736494829754,16,36,115,True,[0.9999999744570535],"Index(['NICKEL COMPOUNDS>=_and_COBALT COMPOUNDS<'], dtype='object')",[]
DIETHANOLAMINE<1.902e-04,EmergencyRoomVisit,0.05847082250148615,neg_correlate,0.38020956273510875,-0.013626301498589843,0.7740454269688073,16,74,77,True,[],[],[]
O-TOLUIDINE>=5.570e-08		POLYCHLORINATED BIPHENYLS (AROCLORS)>=5.019e-07,EmergencyRoomVisit,0.0006698435139602678,neg_correlate,-0.6285086252789933,-0.9906446969768476,-0.266372553581139,16,32,119,True,[0.8522544342102425],"Index(['O-TOLUIDINE>=_and_POLYCHLORINATED BIPHENYLS (AROCLORS)>='], dtype='object')",[]
CHLOROPRENE>=7.576e-07		POLYCHLORINATED BIPHENYLS (AROCLORS)>=5.019e-07,EmergencyRoomVisit,0.0011887519272318105,neg_correlate,-0.6007556179523639,-0.9639935177146245,-0.23751771819010326,16,38,113,True,[0.8486718108788429],"Index(['CHLOROPRENE>=_and_POLYCHLORINATED BIPHENYLS (AROCLORS)>='], dtype='object')",[]
"PHENOL<2.203e-02		PROPYLENE DICHLORIDE (1,2-DICHLOROPROPANE)<5.574e-03",EmergencyRoomVisit,0.006792282405489507,neg_correlate,0.652785485329131,0.18012126246769178,1.1254497081905703,16,51,100,True,[0.99999993295354],"Index(['PHENOL<_and_PROPYLENE DICHLORIDE (1,2-DICHLOROPROPANE)<'], dtype='object')",[]
MALEIC ANHYDRIDE>=1.601e-05		EPICHLOROHYDRIN<1.413e-04,EmergencyRoomVisit,0.0016780537588095184,mixed_sign_profile,-0.5771588532574895,-0.9371891450454466,-0.21712856146953247,16,20,131,True,[0.195001137869785],"Index(['MALEIC ANHYDRIDE>=_and_EPICHLOROHYDRIN<'], dtype='object')",[]
"1,3-DICHLOROPROPENE>=1.455e-03		COBALT COMPOUNDS<1.462e-04",EmergencyRoomVisit,0.023473706116066077,mixed_sign_profile,0.4820162955098893,0.0650319416360644,0.8990006493837142,15,59,92,True,[0.1663672933436221],"Index(['1,3-DICHLOROPROPENE>=_and_COBALT COMPOUNDS<'], dtype='object')",[]
ETHYLENE GLYCOL>=4.316e-02		VINYL CHLORIDE<7.907e-03,EmergencyRoomVisit,0.0089386699073822,mixed_sign_profile,-0.4810664314777089,-0.8417136760638344,-0.12041918689158343,15,25,126,True,[0.9999999691666999],"Index(['ETHYLENE GLYCOL>=_and_VINYL CHLORIDE<'], dtype='object')",[]
METHYLHYDRAZINE>=3.682e-06		VINYL ACETATE<3.384e-04,EmergencyRoomVisit,0.017327220882092167,mixed_sign_profile,-0.420826101281631,-0.7674275907368907,-0.0742246118263713,15,18,133,True,[0.04683226881031094],"Index(['METHYLHYDRAZINE>=_and_VINYL ACETATE<'], dtype='object')",[]
"2,2,4-TRIMETHYLPENTANE<6.404e-01",EmergencyRoomVisit,0.18239017638795485,pos_correlate,-0.24961591887505968,-0.6165175098293323,0.11728567207921292,15,35,116,True,[],[],[]
STYRENE>=2.085e-02		TITANIUM TETRACHLORIDE<1.656e-06,EmergencyRoomVisit,0.16968565743112396,mixed_sign_profile,0.29206418429924774,-0.12479367815815501,0.7089220467566505,14,54,97,True,[0.29362284949301143],"Index(['STYRENE>=_and_TITANIUM TETRACHLORIDE<'], dtype='object')",[]
ACETOPHENONE<1.920e-05,EmergencyRoomVisit,0.2595394524388319,neg_correlate,0.25465256145896803,-0.1880246505506194,0.6973297734685555,14,27,124,True,[],[],[]
"1,3-DICHLOROPROPENE>=1.455e-03		COBALT COMPOUNDS>=1.523e-04		STYRENE>=1.075e-01",EmergencyRoomVisit,0.0945524247506118,pos_correlate,0.4236328737221504,-0.07300345697490612,0.9202692044192069,14,26,125,True,[],"Index(['COBALT COMPOUNDS>=_and_STYRENE>='], dtype='object')","[['COBALT COMPOUNDS>=_and_STYRENE>=', 'STYRENE>=']]"
HEXACHLOROBENZENE<4.450e-11,EmergencyRoomVisit,0.8248709202577437,neg_correlate,2.9244114701776858,-22.977724606813442,28.82654754716881,14,16,135,True,[],[],[]
"METHYLHYDRAZINE>=3.682e-06		1,3-BUTADIENE<2.551e-01",EmergencyRoomVisit,0.005383540062088393,mixed_sign_profile,-0.5264132817558573,-0.8971279041611124,-0.15569865935060223,14,37,114,True,[0.23838624815470977],"Index(['METHYLHYDRAZINE>=_and_1,3-BUTADIENE<'], dtype='object')",[]
POLYCHLORINATED BIPHENYLS (AROCLORS)>=4.776e-07		2-NITROPROPANE<9.292e-09,EmergencyRoomVisit,0.09862944941432394,mixed_sign_profile,0.4052049190071075,-0.07567330092064939,0.8860831389348643,14,23,128,True,[0.8986131344243952],"Index(['POLYCHLORINATED BIPHENYLS (AROCLORS)>=_and_2-NITROPROPANE<'], dtype='object')",[]
METHYLHYDRAZINE<2.431e-06		METHYL CHLORIDE (CHLOROMETHANE)>=1.205e+00,EmergencyRoomVisit,0.25235879279127116,mixed_sign_profile,-0.2100014479274149,-0.5695867226650815,0.1495838268102517,14,9,142,True,[0.7776712352966184],"Index(['METHYLHYDRAZINE<_and_METHYL CHLORIDE (CHLOROMETHANE)>='], dtype='object')",[]
METHYLHYDRAZINE<4.668e-06		ANILINE<3.514e-06,EmergencyRoomVisit,0.07304969221647505,neg_correlate,0.37847354345030476,-0.03535418087830372,0.7923012677789132,14,57,94,True,[0.055340573703859496],"Index(['METHYLHYDRAZINE<_and_ANILINE<'], dtype='object')",[]
METHYL CHLORIDE (CHLOROMETHANE)<1.061e+00,EmergencyRoomVisit,0.054298477991927795,neg_correlate,0.5026538826284159,-0.009276608477655657,1.0145843737344875,14,29,122,True,[],[],[]
PROPYLENE OXIDE>=6.891e-04		STYRENE>=1.075e-01,EmergencyRoomVisit,0.0945524247506118,pos_correlate,0.4236328737221504,-0.07300345697490612,0.9202692044192069,14,26,125,True,[],"Index(['PROPYLENE OXIDE>=_and_STYRENE>='], dtype='object')","[['PROPYLENE OXIDE>=_and_STYRENE>=', 'STYRENE>='], ['PROPYLENE OXIDE>=_and_STYRENE>=', 'STYRENE>=']]"
"1,4-DICHLOROBENZENE>=1.347e-03		STYRENE<2.363e-02",EmergencyRoomVisit,0.042122289706738536,mixed_sign_profile,-0.36261105788966547,-0.7123139269958225,-0.012908188783508356,13,25,126,True,[0.273745946025271],"Index(['1,4-DICHLOROBENZENE>=_and_STYRENE<'], dtype='object')",[]
"BERYLLIUM COMPOUNDS<3.091e-04		2,2,4-TRIMETHYLPENTANE<6.404e-01",EmergencyRoomVisit,0.18239017638795485,pos_correlate,-0.24961591887505968,-0.6165175098293323,0.11728567207921292,13,35,116,True,[],"Index(['BERYLLIUM COMPOUNDS<_and_2,2,4-TRIMETHYLPENTANE<'], dtype='object')","[['BERYLLIUM COMPOUNDS<_and_2,2,4-TRIMETHYLPENTANE<', '2,2,4-TRIMETHYLPENTANE<'], ['BERYLLIUM COMPOUNDS<_and_2,2,4-TRIMETHYLPENTANE<', '2,2,4-TRIMETHYLPENTANE<']]"
BERYLLIUM COMPOUNDS>=3.091e-04		ALLYL CHLORIDE<8.203e-07,EmergencyRoomVisit,0.8686530565091604,mixed_sign_profile,0.03462748445324612,-0.3757781173364353,0.4450330862429276,13,9,142,True,[0.9156488277685296],"Index(['BERYLLIUM COMPOUNDS>=_and_ALLYL CHLORIDE<'], dtype='object')",[]
BERYLLIUM COMPOUNDS>=3.091e-04		ALLYL CHLORIDE>=8.203e-07,EmergencyRoomVisit,0.03664693487728648,neg_correlate,-0.4008360461175561,-0.7767911224187198,-0.024880969816392373,13,12,139,True,[0.9161603675597634],"Index(['BERYLLIUM COMPOUNDS>=_and_ALLYL CHLORIDE>='], dtype='object')",[]
PHENOL>=2.203e-02		METHYL CHLORIDE (CHLOROMETHANE)>=1.090e+00,EmergencyRoomVisit,0.0015032544971248427,neg_correlate,-0.6326269610097673,-1.0232711828529903,-0.24198273916654445,13,15,136,True,[0.03845162429431218],"Index(['PHENOL>=_and_METHYL CHLORIDE (CHLOROMETHANE)>='], dtype='object')",[]
HEXAMETHYLENE DIISOCYANATE<1.392e-06		PAHPOM<1.295e-02,EmergencyRoomVisit,0.010177910361679083,neg_correlate,0.6058266388110041,0.14375457851932527,1.0678986991026829,13,49,102,True,[0.8179937489539437],"Index(['HEXAMETHYLENE DIISOCYANATE<_and_PAHPOM<'], dtype='object')",[]
PROPYLENE OXIDE>=6.891e-04		VINYL ACETATE>=1.492e-03,EmergencyRoomVisit,0.31335951053329736,pos_correlate,0.21562592132583142,-0.20355674008551206,0.6348085827371749,13,33,118,True,[],"Index(['PROPYLENE OXIDE>=_and_VINYL ACETATE>='], dtype='object')","[['PROPYLENE OXIDE>=_and_VINYL ACETATE>=', 'VINYL ACETATE>='], ['PROPYLENE OXIDE>=_and_VINYL ACETATE>=', 'VINYL ACETATE>=']]"
TITANIUM TETRACHLORIDE<4.926e-05		MALEIC ANHYDRIDE<1.489e-05,EmergencyRoomVisit,0.065276007537169,neg_correlate,0.4060002611299766,-0.025681305437820323,0.8376818276977736,13,42,109,True,[],"Index(['TITANIUM TETRACHLORIDE<_and_MALEIC ANHYDRIDE<'], dtype='object')","[['TITANIUM TETRACHLORIDE<_and_MALEIC ANHYDRIDE<', 'MALEIC ANHYDRIDE<'], ['TITANIUM TETRACHLORIDE<_and_MALEIC ANHYDRIDE<', 'MALEIC ANHYDRIDE<']]"
CHLOROPRENE>=7.576e-07		VINYL CHLORIDE<7.907e-03,EmergencyRoomVisit,0.001466478057985581,mixed_sign_profile,-0.6053885567839977,-0.9783692289362955,-0.23240788463169987,13,42,109,True,[0.9999999339877489],"Index(['CHLOROPRENE>=_and_VINYL CHLORIDE<'], dtype='object')",[]
BIPHENYL>=5.125e-04,EmergencyRoomVisit,0.12997935229653923,neg_correlate,-0.2845629149070097,-0.6529021107594515,0.08377628094543216,13,13,138,True,[],[],[]
DIBENZOFURAN>=1.558e-08,EmergencyRoomVisit,0.07890171789885474,neg_correlate,-0.3108805636464633,-0.6576545922749287,0.03589346498200208,13,20,131,True,[],[],[]
TRIETHYLAMINE<2.409e-03,EmergencyRoomVisit,0.12022879806509966,neg_correlate,0.3212037137386149,-0.08395914626278556,0.7263665737400153,13,55,96,True,[],[],[]
PROPYLENE OXIDE<6.891e-04		NICKEL COMPOUNDS<2.229e-03,EmergencyRoomVisit,0.5156830842336817,pos_correlate,-0.12073901643766095,-0.4847989761586368,0.24332094328331494,13,24,127,True,[0.86732263459141],"Index(['PROPYLENE OXIDE<_and_NICKEL COMPOUNDS<'], dtype='object')",[]
"BERYLLIUM COMPOUNDS<3.143e-04		1,3-BUTADIENE>=2.553e-01",EmergencyRoomVisit,0.12606958688194317,mixed_sign_profile,0.36209972738916707,-0.10182280649813408,0.8260222612764683,13,21,130,True,[0.8206725810244422],"Index(['BERYLLIUM COMPOUNDS<_and_1,3-BUTADIENE>='], dtype='object')",[]
HYDRAZINE<3.792e-06,EmergencyRoomVisit,0.31357775157822987,pos_correlate,-0.19705180222383628,-0.5802986736440432,0.18619506919637058,12,24,127,True,[],[],[]
HEXAMETHYLENE DIISOCYANATE>=1.392e-06		2-NITROPROPANE<9.292e-09,EmergencyRoomVisit,0.23145846411640003,mixed_sign_profile,0.28222088494089015,-0.1800371673814426,0.7444789372632229,12,13,138,True,[0.37296975672132293],"Index(['HEXAMETHYLENE DIISOCYANATE>=_and_2-NITROPROPANE<'], dtype='object')",[]
"POLYCHLORINATED BIPHENYLS (AROCLORS)>=8.227e-09		PROPYLENE DICHLORIDE (1,2-DICHLOROPROPANE)<6.441e-03		HYDRAZINE<2.658e-06",EmergencyRoomVisit,0.030315998776032145,mixed_sign_profile,-0.4004769035319879,-0.7628698516672944,-0.03808395539668141,12,14,137,True,[],"Index(['PROPYLENE DICHLORIDE (1,2-DICHLOROPROPANE)<_and_HYDRAZINE<'], dtype='object')","[['PROPYLENE DICHLORIDE (1,2-DICHLOROPROPANE)<_and_HYDRAZINE<', 'HYDRAZINE<']]"
MERCURY COMPOUNDS<2.163e-03		PAHPOM<1.295e-02,EmergencyRoomVisit,0.056118605358889455,neg_correlate,0.40493396204197313,-0.010568046204270432,0.8204359702882167,12,59,92,True,[0.826260955879153],"Index(['MERCURY COMPOUNDS<_and_PAHPOM<'], dtype='object')",[]
PROPIONALDEHYDE<2.913e-02,EmergencyRoomVisit,0.3839428321634577,neg_correlate,0.17457335250511838,-0.21841546887479077,0.5675621738850275,12,51,100,True,[],[],[]
ACETALDEHYDE>=2.299e+00		MANGANESE COMPOUNDS>=5.520e-03,EmergencyRoomVisit,0.11436070516505918,neg_correlate,-0.3063834325704032,-0.6867136161356164,0.07394675099481002,12,15,136,True,[],"Index(['ACETALDEHYDE>=_and_MANGANESE COMPOUNDS>='], dtype='object')","[['ACETALDEHYDE>=_and_MANGANESE COMPOUNDS>=', 'MANGANESE COMPOUNDS>='], ['ACETALDEHYDE>=_and_MANGANESE COMPOUNDS>=', 'MANGANESE COMPOUNDS>=']]"
"N,N-DIMETHYLANILINE>=2.718e-05		FORMALDEHYDE<2.699e+00",EmergencyRoomVisit,0.18745103219180204,mixed_sign_profile,-0.2514778632341788,-0.6253995454212127,0.122443818952855,12,40,111,True,[0.03806514019385955],"Index(['N,N-DIMETHYLANILINE>=_and_FORMALDEHYDE<'], dtype='object')",[]
BERYLLIUM COMPOUNDS<3.091e-04		ACRYLIC ACID<4.320e-07,EmergencyRoomVisit,0.5772407180809888,pos_correlate,-0.10752220992756463,-0.4855850306695549,0.27054061081442565,12,22,129,True,[],"Index(['BERYLLIUM COMPOUNDS<_and_ACRYLIC ACID<'], dtype='object')","[['BERYLLIUM COMPOUNDS<_and_ACRYLIC ACID<', 'ACRYLIC ACID<'], ['BERYLLIUM COMPOUNDS<_and_ACRYLIC ACID<', 'ACRYLIC ACID<']]"
METHYLHYDRAZINE<2.431e-06		METHYL CHLORIDE (CHLOROMETHANE)<1.205e+00,EmergencyRoomVisit,0.7985386088153152,neg_correlate,3.8145603737362657,-25.47721976488853,33.106340512361065,12,27,124,True,[0.7797786344882488],"Index(['METHYLHYDRAZINE<_and_METHYL CHLORIDE (CHLOROMETHANE)<'], dtype='object')",[]
ACETALDEHYDE<2.401e+00		HYDROGEN FLUORIDE (HYDROFLUORIC ACID)<1.566e-02,EmergencyRoomVisit,0.2630527285080876,neg_correlate,0.22887099319872856,-0.17193041250584123,0.6296723989032984,12,49,102,True,[0.02710761674860895],"Index(['ACETALDEHYDE<_and_HYDROGEN FLUORIDE (HYDROFLUORIC ACID)<'], dtype='object')",[]
METHYLHYDRAZINE<3.726e-06		METHYL ISOBUTYL KETONE (HEXONE)<5.069e-01,EmergencyRoomVisit,0.025226228032201127,neg_correlate,0.4977479068438376,0.061821835631255484,0.9336739780564196,12,50,101,True,[0.0725302859445806],"Index(['METHYLHYDRAZINE<_and_METHYL ISOBUTYL KETONE (HEXONE)<'], dtype='object')",[]
HEXAMETHYLENE DIISOCYANATE<1.392e-06		TRICHLOROETHYLENE<1.063e-01,EmergencyRoomVisit,0.0071680689469527095,neg_correlate,0.6964550415280905,0.1888088763092406,1.2041012067469403,12,40,111,True,[nan],"Index(['HEXAMETHYLENE DIISOCYANATE<_and_TRICHLOROETHYLENE<'], dtype='object')",[]
DIMETHYL PHTHALATE>=9.782e-05		ETHYLENE DIBROMIDE (DIBROMOETHANE)<3.190e-04,EmergencyRoomVisit,0.015505250385868275,mixed_sign_profile,-0.4272602131021195,-0.7732481886595219,-0.08127223754471702,12,13,138,True,[0.2532955010664266],"Index(['DIMETHYL PHTHALATE>=_and_ETHYLENE DIBROMIDE (DIBROMOETHANE)<'], dtype='object')",[]
DIMETHYL PHTHALATE<9.782e-05		DIBUTYLPHTHALATE<1.364e-04,EmergencyRoomVisit,0.8266220126673638,neg_correlate,0.04271155310489629,-0.3394772639943166,0.42490037020410915,12,44,107,True,[],"Index(['DIMETHYL PHTHALATE<_and_DIBUTYLPHTHALATE<'], dtype='object')","[['DIMETHYL PHTHALATE<_and_DIBUTYLPHTHALATE<', 'DIBUTYLPHTHALATE<'], ['DIMETHYL PHTHALATE<_and_DIBUTYLPHTHALATE<', 'DIBUTYLPHTHALATE<']]"
HEXAMETHYLENE DIISOCYANATE<2.350e-06		HYDROGEN FLUORIDE (HYDROFLUORIC ACID)<1.448e-04,EmergencyRoomVisit,0.08956762455336502,neg_correlate,0.3702645345300108,-0.05720348504568251,0.7977325541057041,12,41,110,True,[nan],"Index(['HEXAMETHYLENE DIISOCYANATE<_and_HYDROGEN FLUORIDE (HYDROFLUORIC ACID)<'], dtype='object')",[]
"1,3-BUTADIENE>=1.628e-01		NAPHTHALENE<1.107e-01",EmergencyRoomVisit,0.005199583510760672,mixed_sign_profile,-0.5058208652129659,-0.8605982955404505,-0.15104343488548128,12,21,130,True,[0.12156884731739775],"Index(['1,3-BUTADIENE>=_and_NAPHTHALENE<'], dtype='object')",[]
"ETHYLENE OXIDE>=2.591e-04		ETHYLIDENE DICHLORIDE (1,1-DICHLOROETHANE)<1.425e-04",EmergencyRoomVisit,0.07001302303304707,mixed_sign_profile,-0.34239837110660193,-0.7127917333546627,0.02799499114145887,12,42,109,True,[0.8526495116303862],"Index(['ETHYLENE OXIDE>=_and_ETHYLIDENE DICHLORIDE (1,1-DICHLOROETHANE)<'], dtype='object')",[]
STYRENE>=2.085e-02		METHYL ISOBUTYL KETONE (HEXONE)<5.069e-01,EmergencyRoomVisit,0.14908300200030541,mixed_sign_profile,0.29283109088689746,-0.10496979634431353,0.6906319781181085,11,65,86,True,[0.9999999782224833],"Index(['STYRENE>=_and_METHYL ISOBUTYL KETONE (HEXONE)<'], dtype='object')",[]
"1,3-DICHLOROPROPENE>=1.455e-03		MALEIC ANHYDRIDE<1.714e-05",EmergencyRoomVisit,0.03707675570439246,mixed_sign_profile,0.48210144288740064,0.028893440943679904,0.9353094448311214,11,40,111,True,[0.055308075556677924],"Index(['1,3-DICHLOROPROPENE>=_and_MALEIC ANHYDRIDE<'], dtype='object')",[]
TITANIUM TETRACHLORIDE<4.742e-05		BIPHENYL<3.477e-05,EmergencyRoomVisit,0.5749240831277591,neg_correlate,0.11511438600997982,-0.2871935058712579,0.5174222778912175,11,31,120,True,[],"Index(['TITANIUM TETRACHLORIDE<_and_BIPHENYL<'], dtype='object')","[['TITANIUM TETRACHLORIDE<_and_BIPHENYL<', 'BIPHENYL<'], ['TITANIUM TETRACHLORIDE<_and_BIPHENYL<', 'BIPHENYL<']]"
TITANIUM TETRACHLORIDE>=4.560e-05		ACRYLIC ACID<4.616e-07,EmergencyRoomVisit,0.9632107727095525,mixed_sign_profile,-0.00923465142177572,-0.4016391898409401,0.3831698869973887,11,13,138,True,[0.06007304673371305],"Index(['TITANIUM TETRACHLORIDE>=_and_ACRYLIC ACID<'], dtype='object')",[]
METHYLHYDRAZINE>=2.431e-06		ACETALDEHYDE<2.299e+00,EmergencyRoomVisit,0.00658796710100353,mixed_sign_profile,-0.5063486176836811,-0.8716157048362714,-0.1410815305310908,11,31,120,True,[nan],"Index(['METHYLHYDRAZINE>=_and_ACETALDEHYDE<'], dtype='object')",[]
ETHYLENE OXIDE<2.800e-04		PROPYLENE OXIDE<7.253e-04,EmergencyRoomVisit,0.023083856882250498,neg_correlate,0.5699822401877919,0.07829075228424226,1.0616737280913415,11,34,117,True,[0.012219500317592807],"Index(['ETHYLENE OXIDE<_and_PROPYLENE OXIDE<'], dtype='object')",[]
ETHYLENE OXIDE<2.800e-04		PROPYLENE OXIDE>=7.253e-04,EmergencyRoomVisit,0.16196335530571038,mixed_sign_profile,-0.24354903499364686,-0.5848774384870298,0.09777936849973609,11,16,135,True,[0.012216925093161144],"Index(['ETHYLENE OXIDE<_and_PROPYLENE OXIDE>='], dtype='object')",[]
MERCURY COMPOUNDS>=2.163e-03		ETHYLENE OXIDE<1.864e-04,EmergencyRoomVisit,0.7468924816803635,mixed_sign_profile,0.06949172647701997,-0.3525243312677392,0.4915077842217791,11,11,140,True,[0.5046533444193847],"Index(['MERCURY COMPOUNDS>=_and_ETHYLENE OXIDE<'], dtype='object')",[]
MERCURY COMPOUNDS>=2.163e-03		ETHYLENE OXIDE>=1.864e-04,EmergencyRoomVisit,0.010985719083014656,neg_correlate,-0.4706103375516853,-0.8333016116849538,-0.10791906341841684,11,14,137,True,[0.5043570931350504],"Index(['MERCURY COMPOUNDS>=_and_ETHYLENE OXIDE>='], dtype='object')",[]
PHOSPHINE>=9.116e-06,EmergencyRoomVisit,0.15815545945484788,neg_correlate,-0.25195869899126316,-0.6018695093889588,0.0979521114064324,11,17,134,True,[],[],[]
POLYCHLORINATED BIPHENYLS (AROCLORS)>=5.019e-07		O-TOLUIDINE>=5.570e-08,EmergencyRoomVisit,0.0006698435139602678,neg_correlate,-0.6285086252789933,-0.9906446969768476,-0.266372553581139,11,32,119,True,[0.8527737432651571],"Index(['POLYCHLORINATED BIPHENYLS (AROCLORS)>=_and_O-TOLUIDINE>='], dtype='object')",[]
CHLOROFORM<7.847e-03,EmergencyRoomVisit,0.29080845077487516,neg_correlate,0.22426425971409936,-0.19183833188476473,0.6403668513129634,11,35,116,True,[],[],[]
ETHYLENE OXIDE>=2.800e-04		ANTIMONY COMPOUNDS<1.229e-04,EmergencyRoomVisit,0.053035904867465324,mixed_sign_profile,-0.36086981009552815,-0.7264655020371862,0.004725881846129931,11,37,114,True,[0.37212119930880083],"Index(['ETHYLENE OXIDE>=_and_ANTIMONY COMPOUNDS<'], dtype='object')",[]
HEXANE<1.401e+00,EmergencyRoomVisit,0.9257674688888669,neg_correlate,0.01822094616724111,-0.3650772965277655,0.40151918886224774,11,40,111,True,[],[],[]
METHYLHYDRAZINE<3.682e-06		STYRENE<6.804e-02,EmergencyRoomVisit,0.027698639134293088,neg_correlate,0.4789648502348062,0.052554788706093314,0.9053749117635191,11,54,97,True,[0.06304029023615172],"Index(['METHYLHYDRAZINE<_and_STYRENE<'], dtype='object')",[]
METHYLHYDRAZINE<3.682e-06		STYRENE>=6.804e-02,EmergencyRoomVisit,0.5300117754591465,mixed_sign_profile,-0.11495033707735858,-0.4737127762396601,0.24381210208494297,11,25,126,True,[0.06300660697155921],"Index(['METHYLHYDRAZINE<_and_STYRENE>='], dtype='object')",[]
"METHYLHYDRAZINE>=3.682e-06		1,3-BUTADIENE>=2.558e-01",EmergencyRoomVisit,0.4908026651054841,pos_correlate,0.14226246242466592,-0.2624052504936507,0.5469301753429825,11,34,117,True,[0.2889679999134416],"Index(['METHYLHYDRAZINE>=_and_1,3-BUTADIENE>='], dtype='object')",[]
VINYL ACETATE<1.228e-03		ETHYLENE OXIDE<2.800e-04,EmergencyRoomVisit,0.24402712858556674,neg_correlate,0.24035816899077042,-0.16402078563636566,0.6447371236179065,11,47,104,True,[0.3443401604054881],"Index(['VINYL ACETATE<_and_ETHYLENE OXIDE<'], dtype='object')",[]
MANGANESE COMPOUNDS>=5.409e-03		SELENIUM COMPOUNDS>=1.308e-03,EmergencyRoomVisit,0.03581889455632574,neg_correlate,-0.45176857727867786,-0.8736169250397897,-0.02992022951756601,11,9,142,True,[0.34356143869116995],"Index(['MANGANESE COMPOUNDS>=_and_SELENIUM COMPOUNDS>='], dtype='object')",[]
METHYLHYDRAZINE<3.682e-06		CARBON TETRACHLORIDE<5.471e-01,EmergencyRoomVisit,0.04592802499400247,neg_correlate,0.447522765444073,0.008091557400041083,0.8869539734881049,11,44,107,True,[0.16114791868228606],"Index(['METHYLHYDRAZINE<_and_CARBON TETRACHLORIDE<'], dtype='object')",[]
METHYLHYDRAZINE<3.682e-06		CARBON TETRACHLORIDE>=5.471e-01,EmergencyRoomVisit,0.8607003020472367,mixed_sign_profile,-0.03378472638725489,-0.41112572666505326,0.3435562738905435,11,35,116,True,[0.16130868551200828],"Index(['METHYLHYDRAZINE<_and_CARBON TETRACHLORIDE>='], dtype='object')",[]
VINYL ACETATE<1.228e-03		ETHYLENE GLYCOL<4.316e-02,EmergencyRoomVisit,0.4006048613278791,neg_correlate,0.1714819187060818,-0.2283774547778267,0.5713412921899903,11,46,105,True,[],"Index(['VINYL ACETATE<_and_ETHYLENE GLYCOL<'], dtype='object')","[['VINYL ACETATE<_and_ETHYLENE GLYCOL<', 'ETHYLENE GLYCOL<'], ['VINYL ACETATE<_and_ETHYLENE GLYCOL<', 'ETHYLENE GLYCOL<']]"
METHYLHYDRAZINE>=3.682e-06		TITANIUM TETRACHLORIDE>=4.435e-05,EmergencyRoomVisit,0.18707841917912382,pos_correlate,0.31770743283231695,-0.15429185345534746,0.7897067191199814,11,22,129,True,[0.1691905029153905],"Index(['METHYLHYDRAZINE>=_and_TITANIUM TETRACHLORIDE>='], dtype='object')",[]
PROPYLENE OXIDE<6.891e-04		NICKEL COMPOUNDS>=2.229e-03,EmergencyRoomVisit,0.029612818596621963,mixed_sign_profile,0.546303754855493,0.05406374026925376,1.0385437694417323,11,32,119,True,[0.8122079933943047],"Index(['PROPYLENE OXIDE<_and_NICKEL COMPOUNDS>='], dtype='object')",[]
DIMETHYL SULFATE>=7.007e-07		CUMENE<2.649e-03,EmergencyRoomVisit,0.006284218676293998,mixed_sign_profile,-0.5167273118044702,-0.8873552077406748,-0.14609941586826564,11,11,140,True,[0.9918066946323352],"Index(['DIMETHYL SULFATE>=_and_CUMENE<'], dtype='object')",[]
BROMOFORM<1.506e-06,EmergencyRoomVisit,0.13108448893115154,neg_correlate,0.3583917341839315,-0.10684651396365408,0.8236299823315171,11,28,123,True,[],[],[]
DIBUTYLPHTHALATE>=1.400e-04		COBALT COMPOUNDS<1.523e-04,EmergencyRoomVisit,0.1365088416176979,mixed_sign_profile,0.32962221731395835,-0.10428178171830615,0.7635262163462229,11,43,108,True,[nan],"Index(['DIBUTYLPHTHALATE>=_and_COBALT COMPOUNDS<'], dtype='object')",[]
"1,4-DIOXANE>=2.448e-04",EmergencyRoomVisit,0.03486938683126921,neg_correlate,-0.37924712934785454,-0.7315484689403204,-0.026945789755388583,11,25,126,True,[],[],[]
CHLOROPRENE>=7.576e-07		STYRENE<2.085e-02,EmergencyRoomVisit,0.025915364693726663,mixed_sign_profile,-0.4020994337971101,-0.7559078733270201,-0.048290994267200016,11,17,134,True,[0.7995271563886963],"Index(['CHLOROPRENE>=_and_STYRENE<'], dtype='object')",[]
HEXACHLOROETHANE<5.000e-23		HYDROGEN FLUORIDE (HYDROFLUORIC ACID)<1.566e-02,EmergencyRoomVisit,0.007610893489710477,neg_correlate,0.6272107359456239,0.1665983465728214,1.0878231253184265,11,50,101,True,[0.9999999317803127],"Index(['HEXACHLOROETHANE<_and_HYDROGEN FLUORIDE (HYDROFLUORIC ACID)<'], dtype='object')",[]
