profile,outcome,p_val,relation,coef,coef_95CI_lower,coef_95CI_upper,freq,pos_count,neg_count,binary_outcome,interaction_p_vals,interactions_combs,identical_profiles_pollutants,fdr
FORMALDEHYDE<1.652e+00,DailyControllerMedication,0.0041405047871565,neg_correlate,0.794130143336335,0.2512879510313679,1.336972335641302,5,21,128,True,[],[],[],0.028984787326057533
ETHYL ACRYLATE<4.195e-06,DailyControllerMedication,0.2117376280181403,neg_correlate,0.2229643833137017,-0.1269728216282416,0.5729015882556452,5,48,101,True,[],[],[],0.026914662572345576
METHYL METHACRYLATE>=3.044e-03,DailyControllerMedication,0.5651365530750798,neg_correlate,-0.0999248413140474,-0.4403964638945488,0.2405467812664539,5,27,122,True,[],[],[],0.29587269684169454
CHLOROACETIC ACID<3.130e-07		ETHYLENE OXIDE>=2.911e-04,DailyControllerMedication,0.0007313935934223,mixed_sign_profile,-0.6140767420991491,-0.9704221999014168,-0.2577312842968813,5,41,108,True,[nan],"Index(['CHLOROACETIC ACID<_and_ETHYLENE OXIDE>='], dtype='object')",[],0.0435360662076628
ACETOPHENONE<1.470e-05,DailyControllerMedication,0.8383035757388678,neg_correlate,3.104288284189143,-26.71134137612928,32.91991794450757,4,14,135,True,[],[],[],0.17040217189277196
POLYCHLORINATED BIPHENYLS (AROCLORS)<1.185e-08,DailyControllerMedication,0.0693979184588658,neg_correlate,0.3364105704416095,-0.0267049568943988,0.6995260977776179,4,33,116,True,[],[],[],0.090607721735086
PHOSPHORUS<1.107e-04,DailyControllerMedication,0.1662833085247037,neg_correlate,0.2470661665791495,-0.1027567536061647,0.5968890867644638,4,41,108,True,[],[],[],0.029902419271472528
"HYDROQUINONE<7.255e-06		1,4-DIOXANE>=1.605e-06",DailyControllerMedication,0.0012995659713769,mixed_sign_profile,0.8167826206559825,0.3190130642273985,1.3145521770845665,4,28,121,True,[0.556881220808999],"Index(['HYDROQUINONE<_and_1,4-DIOXANE>='], dtype='object')",[],0.13099903655187328
ARSENIC COMPOUNDS(INORGANIC INCLUDING ARSINE)<5.820e-04,DailyControllerMedication,0.0217677990250183,neg_correlate,0.4168168934523446,0.0607552874388109,0.7728784994658782,4,53,96,True,[],[],[],0.19536620465647458
LEAD COMPOUNDS<1.462e-03,DailyControllerMedication,0.012328840711852,neg_correlate,0.5435486290912319,0.1178552879423385,0.9692419702401252,3,24,125,True,[],[],[],0.8826880674097564
BENZYL CHLORIDE<2.130e-05,DailyControllerMedication,0.4155061359380034,neg_correlate,0.1451523951388286,-0.2042441588493651,0.4945489491270224,3,30,119,True,[],[],[],0.3201163707815624
ETHYL ACRYLATE>=4.195e-06		HEXAMETHYLENE DIISOCYANATE<3.780e-07,DailyControllerMedication,0.0668103430647386,mixed_sign_profile,-0.314761138359311,-0.6513340155510515,0.0218117388324294,3,26,123,True,[0.8258879736595839],"Index(['ETHYL ACRYLATE>=_and_HEXAMETHYLENE DIISOCYANATE<'], dtype='object')",[],0.026914662572345576
ACETALDEHYDE<1.943e+00,DailyControllerMedication,0.1227043204230161,neg_correlate,0.277093274714887,-0.074759858283135,0.628946407712909,3,36,113,True,[],[],[],0.6321099886209998
"1,3-BUTADIENE<1.602e-01",DailyControllerMedication,0.1734832276743917,neg_correlate,0.2389434506861344,-0.1051325149957958,0.5830194163680648,3,53,96,True,[],[],[],0.20764010842379355
"ETHYLIDENE DICHLORIDE (1,1-DICHLOROETHANE)>=1.741e-04		ACRYLONITRILE<1.184e-02",DailyControllerMedication,0.2173842285746485,mixed_sign_profile,0.2177384639714187,-0.1282322399637352,0.5637091679065729,3,44,105,True,[0.7934514453817333],"Index(['ETHYLIDENE DICHLORIDE (1,1-DICHLOROETHANE)>=_and_ACRYLONITRILE<'], dtype='object')",[],0.2924168124301669
STYRENE>=1.206e-01,DailyControllerMedication,0.1124888466974914,pos_correlate,0.3152453965832428,-0.0740606612940636,0.7045514544605493,3,18,131,True,[],[],[],0.5901200558177374
HYDROQUINONE<7.160e-06		METHYL CHLORIDE (CHLOROMETHANE)<1.203e+00,DailyControllerMedication,0.0032767248863217,neg_correlate,0.580020793314576,0.1934144261908194,0.9666271604383326,3,45,104,True,[0.046911285508284536],"Index(['HYDROQUINONE<_and_METHYL CHLORIDE (CHLOROMETHANE)<'], dtype='object')",[],0.07296593469430439
"CHLOROACETIC ACID<2.472e-07		ETHYLENE OXIDE<2.906e-04		PROPYLENE DICHLORIDE (1,2-DICHLOROPROPANE)<7.715e-05",DailyControllerMedication,0.0004432514427065,neg_correlate,0.9355629450334106,0.4135805591315831,1.4575453309352382,3,32,117,True,[0.06026713422826306],"Index(['ETHYLENE OXIDE<_and_PROPYLENE DICHLORIDE (1,2-DICHLOROPROPANE)<'], dtype='object')",[],0.8826880674097564
"CHLOROACETIC ACID<2.472e-07		ETHYLENE OXIDE<2.906e-04		PROPYLENE DICHLORIDE (1,2-DICHLOROPROPANE)>=7.715e-05",DailyControllerMedication,0.0073751952395327,mixed_sign_profile,-0.4982844284237849,-0.8627748986636976,-0.1337939581838723,3,20,129,True,[0.6787745055418755],"Index(['ETHYLENE OXIDE<_and_PROPYLENE DICHLORIDE (1,2-DICHLOROPROPANE)>='], dtype='object')",[],0.12539335325103004
HYDROQUINONE<7.255e-06		ANILINE<1.370e-05,DailyControllerMedication,0.0073213469456548,neg_correlate,0.4960487456061786,0.1335254803286399,0.8585720108837173,3,56,93,True,[0.9999999777870333],"Index(['HYDROQUINONE<_and_ANILINE<'], dtype='object')",[],0.8826880674097564
"HYDROQUINONE<7.160e-06		1,4-DIOXANE<1.605e-06		ETHYLIDENE DICHLORIDE (1,1-DICHLOROETHANE)<2.329e-04",DailyControllerMedication,0.078252516340319,pos_correlate,-0.307124428515174,-0.6489650424056197,0.0347161853752716,3,25,124,True,[0.22648935741058152],"Index(['1,4-DIOXANE<_and_ETHYLIDENE DICHLORIDE (1,1-DICHLOROETHANE)<'], dtype='object')",[],0.03455321305785489
"HYDROQUINONE<7.160e-06		1,4-DIOXANE<1.605e-06		ETHYLIDENE DICHLORIDE (1,1-DICHLOROETHANE)>=2.329e-04",DailyControllerMedication,0.2540706096157927,mixed_sign_profile,0.2127941993511828,-0.152889649746319,0.5784780484486847,3,21,128,True,[0.22687815811453682],"Index(['1,4-DIOXANE<_and_ETHYLIDENE DICHLORIDE (1,1-DICHLOROETHANE)>='], dtype='object')",[],0.2776050395731514
CHLOROACETIC ACID<3.130e-07		ETHYLENE OXIDE<2.916e-04		PROPYLENE OXIDE<7.292e-04,DailyControllerMedication,0.0041249795810115,neg_correlate,0.5863434355378356,0.185703732532784,0.9869831385428872,3,36,113,True,[0.040162199482964504],"Index(['ETHYLENE OXIDE<_and_PROPYLENE OXIDE<'], dtype='object')",[],0.02383032563001132
SELENIUM COMPOUNDS<1.847e-04,DailyControllerMedication,0.0193822372323457,neg_correlate,0.7747274308414384,0.1252941019618604,1.4241607597210164,3,15,134,True,[],[],[],0.08492584400150227
PENTACHLOROPHENOL<2.277e-10		LEAD COMPOUNDS<3.713e-03,DailyControllerMedication,0.0133872749802388,neg_correlate,0.5343942457219447,0.1109136131927726,0.9578748782511168,2,24,125,True,[0.03574914368709987],"Index(['PENTACHLOROPHENOL<_and_LEAD COMPOUNDS<'], dtype='object')",[],0.13096740548138427
LEAD COMPOUNDS>=1.336e-03		VINYL ACETATE<3.279e-04,DailyControllerMedication,0.00178456804775,mixed_sign_profile,-0.5900099746117484,-0.9601849403694174,-0.2198350088540795,2,22,127,True,[0.16525090926883101],"Index(['LEAD COMPOUNDS>=_and_VINYL ACETATE<'], dtype='object')",[],0.05934031121008566
BERYLLIUM COMPOUNDS<8.775e-05,DailyControllerMedication,0.0812160235436029,neg_correlate,0.3217035156425084,-0.0399050496988803,0.6833120809838971,2,38,111,True,[],[],[],0.13502429750955144
PENTACHLOROPHENOL<2.277e-10		METHYL METHACRYLATE>=2.919e-03,DailyControllerMedication,0.4621273767584244,mixed_sign_profile,-0.1270296144014175,-0.4656085660731287,0.2115493372702936,2,22,127,True,[0.049030914994331244],"Index(['PENTACHLOROPHENOL<_and_METHYL METHACRYLATE>='], dtype='object')",[],0.08226386839522798
METHYL IODIDE (IODOMETHANE)>=1.794e-08,DailyControllerMedication,0.057499197044722,neg_correlate,-0.3351386877028317,-0.6809459479543019,0.0106685725486385,2,38,111,True,[],[],[],0.38309807771387006
NAPHTHALENE>=2.825e-01,DailyControllerMedication,0.1644413813100508,pos_correlate,0.2508942661729604,-0.1028048644155872,0.604593396761508,2,48,101,True,[],[],[],0.04433360653622706
BENZYL CHLORIDE>=2.130e-05		MERCURY COMPOUNDS<2.300e-04,DailyControllerMedication,0.0302718259197594,mixed_sign_profile,-0.4054371572498324,-0.772220718416798,-0.0386535960828668,2,14,135,True,[0.8439694930795942],"Index(['BENZYL CHLORIDE>=_and_MERCURY COMPOUNDS<'], dtype='object')",[],0.08946726296721319
"ETHYLENE OXIDE<2.871e-04		PROPYLENE DICHLORIDE (1,2-DICHLOROPROPANE)<7.715e-05",DailyControllerMedication,0.0006061072204353,neg_correlate,0.9083057637049452,0.3891118843545734,1.4274996430553166,2,31,118,True,[0.0009239142309964353],"Index(['ETHYLENE OXIDE<_and_PROPYLENE DICHLORIDE (1,2-DICHLOROPROPANE)<'], dtype='object')",[],0.11612283879968999
"ETHYLENE OXIDE<2.805e-04		PROPYLENE DICHLORIDE (1,2-DICHLOROPROPANE)>=7.727e-05",DailyControllerMedication,0.0128735766880069,mixed_sign_profile,-0.458603457038903,-0.8199853553057964,-0.0972215587720096,2,17,132,True,[0.0013222902590420036],"Index(['ETHYLENE OXIDE<_and_PROPYLENE DICHLORIDE (1,2-DICHLOROPROPANE)>='], dtype='object')",[],0.08758690107542016
VINYL ACETATE<3.279e-04,DailyControllerMedication,0.3726641428644105,pos_correlate,-0.1534853906831666,-0.4909254590170215,0.1839546776506882,2,36,113,True,[],[],[],0.03455321305785489
BIPHENYL<3.485e-05,DailyControllerMedication,0.1003352660826675,neg_correlate,0.3088585534361032,-0.0595326532425835,0.67724976011479,2,32,117,True,[],[],[],0.47952062415035274
HYDROQUINONE<7.350e-06		METHYL CHLORIDE (CHLOROMETHANE)>=1.203e+00,DailyControllerMedication,0.6979328057104388,mixed_sign_profile,-0.0689017698201365,-0.4168550011462756,0.2790514615060026,2,30,119,True,[0.09385225143736918],"Index(['HYDROQUINONE<_and_METHYL CHLORIDE (CHLOROMETHANE)>='], dtype='object')",[],0.03455321305785489
"HYDROQUINONE>=7.350e-06		ETHYLENE OXIDE<2.906e-04		PROPYLENE DICHLORIDE (1,2-DICHLOROPROPANE)<7.715e-05",DailyControllerMedication,0.0036920652903471,mixed_sign_profile,0.7213399815785176,0.2343833109090998,1.2082966522479357,2,25,124,True,[0.742049564384734],"Index(['ETHYLENE OXIDE<_and_PROPYLENE DICHLORIDE (1,2-DICHLOROPROPANE)<'], dtype='object')",[],0.13096740548138427
"1,4-DIOXANE>=1.605e-06		HYDROQUINONE<1.100e-05",DailyControllerMedication,0.0075909009126712,mixed_sign_profile,0.5231490435327547,0.1390848284916072,0.907213258573902,2,37,112,True,[0.8013845072465623],"Index(['1,4-DIOXANE>=_and_HYDROQUINONE<'], dtype='object')",[],0.9239096430943576
"PROPYLENE DICHLORIDE (1,2-DICHLOROPROPANE)>=5.914e-03",DailyControllerMedication,0.9786535217472946,pos_correlate,0.0046111119584161,-0.3331547594538266,0.3423769833706589,2,40,109,True,[],[],[],0.023680979922867957
"ETHYLIDENE DICHLORIDE (1,1-DICHLOROETHANE)<1.660e-04		ANILINE>=3.095e-06",DailyControllerMedication,0.0555567642811122,mixed_sign_profile,-0.3325953677796667,-0.6730895871521405,0.0078988515928069,2,29,120,True,[0.06873174970900124],"Index(['ETHYLIDENE DICHLORIDE (1,1-DICHLOROETHANE)<_and_ANILINE>='], dtype='object')",[],0.023680979922867957
"ETHYLIDENE DICHLORIDE (1,1-DICHLOROETHANE)>=1.741e-04		ACRYLONITRILE>=1.184e-02",DailyControllerMedication,0.3248224643922603,neg_correlate,-0.1911718175132398,-0.5717236446745898,0.1893800096481101,2,6,143,True,[0.8647476164246236],"Index(['ETHYLIDENE DICHLORIDE (1,1-DICHLOROETHANE)>=_and_ACRYLONITRILE>='], dtype='object')",[],0.2924168124301669
METHYLHYDRAZINE>=3.685e-06		MERCURY COMPOUNDS<4.160e-04,DailyControllerMedication,0.0465702996805592,mixed_sign_profile,-0.3644412229056247,-0.7233479691249302,-0.0055344766863192,2,18,131,True,[0.38474376570845326],"Index(['METHYLHYDRAZINE>=_and_MERCURY COMPOUNDS<'], dtype='object')",[],0.6537531663248415
"METHYL METHACRYLATE<2.985e-03		ETHYLIDENE DICHLORIDE (1,1-DICHLOROETHANE)<1.523e-04		ETHYLENE OXIDE<2.823e-04		PROPYLENE DICHLORIDE (1,2-DICHLOROPROPANE)<7.715e-05",DailyControllerMedication,0.0010259640099458,neg_correlate,0.8527167527115713,0.3436892785118236,1.361744226911319,2,29,120,True,"[0.0013801422939643737, 0.005795074014233016]","Index(['ETHYLIDENE DICHLORIDE (1,1-DICHLOROETHANE)<_and_ETHYLENE OXIDE<_and_PROPYLENE DICHLORIDE (1,2-DICHLOROPROPANE)<', 'ETHYLENE OXIDE<_and_PROPYLENE DICHLORIDE (1,2-DICHLOROPROPANE)<'], dtype='object')",[],0.026914662572345576
"METHYL METHACRYLATE<2.985e-03		ETHYLIDENE DICHLORIDE (1,1-DICHLOROETHANE)<1.523e-04		ETHYLENE OXIDE<2.823e-04		PROPYLENE DICHLORIDE (1,2-DICHLOROPROPANE)>=7.715e-05",DailyControllerMedication,0.006952519120726,mixed_sign_profile,-0.5060732963299879,-0.8735594059866123,-0.1385871866733635,2,18,131,True,"[0.0004442178141791113, 0.005797464187124721]","Index(['ETHYLIDENE DICHLORIDE (1,1-DICHLOROETHANE)<_and_ETHYLENE OXIDE<_and_PROPYLENE DICHLORIDE (1,2-DICHLOROPROPANE)>=', 'ETHYLENE OXIDE<_and_PROPYLENE DICHLORIDE (1,2-DICHLOROPROPANE)>='], dtype='object')",[],0.8826880674097564
"ETHYLIDENE DICHLORIDE (1,1-DICHLOROETHANE)<1.511e-04		ETHYLENE OXIDE>=2.828e-04",DailyControllerMedication,0.0329252296960476,mixed_sign_profile,-0.366423988260229,-0.7031234193997851,-0.0297245571206728,2,38,111,True,[0.8301934186682047],"Index(['ETHYLIDENE DICHLORIDE (1,1-DICHLOROETHANE)<_and_ETHYLENE OXIDE>='], dtype='object')",[],0.09045779536685436
"ETHYLIDENE DICHLORIDE (1,1-DICHLOROETHANE)<1.523e-04		ETHYLENE OXIDE<2.828e-04		PROPYLENE DICHLORIDE (1,2-DICHLOROPROPANE)<7.715e-05",DailyControllerMedication,0.000793584441897,neg_correlate,0.877905856540191,0.3650438092761151,1.3907679038042668,2,30,119,True,[0.00608608435492008],"Index(['ETHYLENE OXIDE<_and_PROPYLENE DICHLORIDE (1,2-DICHLOROPROPANE)<'], dtype='object')",[],0.9597961172000661
"ETHYLIDENE DICHLORIDE (1,1-DICHLOROETHANE)<1.523e-04		ETHYLENE OXIDE<2.828e-04		PROPYLENE DICHLORIDE (1,2-DICHLOROPROPANE)>=7.715e-05",DailyControllerMedication,0.006952519120726,mixed_sign_profile,-0.5060732963299879,-0.8735594059866123,-0.1385871866733635,2,18,131,True,[0.006088521834968628],"Index(['ETHYLENE OXIDE<_and_PROPYLENE DICHLORIDE (1,2-DICHLOROPROPANE)>='], dtype='object')",[],0.07690611553597282
HYDROQUINONE<7.160e-06		ANILINE>=1.370e-05,DailyControllerMedication,0.5754618175922424,mixed_sign_profile,-0.0961943342950053,-0.4328527877858628,0.2404641191958521,2,18,131,True,[],"Index(['HYDROQUINONE<_and_ANILINE>='], dtype='object')","[['HYDROQUINONE<_and_ANILINE>=', 'ANILINE>='], ['HYDROQUINONE<_and_ANILINE>=', 'ANILINE>=']]",0.22795855227026465
STYRENE<1.206e-01		HYDROGEN FLUORIDE (HYDROFLUORIC ACID)>=1.494e-02		ACRYLONITRILE<1.006e-02,DailyControllerMedication,0.0226906260329849,mixed_sign_profile,-0.405941222585619,-0.7551156448420202,-0.0567668003292178,2,31,118,True,[0.9981466955844402],"Index(['HYDROGEN FLUORIDE (HYDROFLUORIC ACID)>=_and_ACRYLONITRILE<'], dtype='object')",[],0.17040217189277196
STYRENE<1.206e-01		HYDROGEN FLUORIDE (HYDROFLUORIC ACID)>=1.494e-02		ACRYLONITRILE>=1.006e-02,DailyControllerMedication,0.9802838308978165,mixed_sign_profile,-0.0044127235394771,-0.354380560128011,0.3455551130490567,2,11,138,True,[0.9985767112014232],"Index(['HYDROGEN FLUORIDE (HYDROFLUORIC ACID)>=_and_ACRYLONITRILE>='], dtype='object')",[],0.13747273586106887
METHYLHYDRAZINE<3.685e-06		ACRYLONITRILE<1.138e-02,DailyControllerMedication,0.171622546249506,neg_correlate,0.2361077543651569,-0.1024143487660551,0.574629857496369,2,73,76,True,[0.09409967439162371],"Index(['METHYLHYDRAZINE<_and_ACRYLONITRILE<'], dtype='object')",[],0.12588626528347682
METHYLHYDRAZINE<3.685e-06		ACRYLONITRILE>=1.138e-02,DailyControllerMedication,0.3248224643922603,mixed_sign_profile,-0.1911718175132398,-0.5717236446745898,0.1893800096481101,2,6,143,True,[0.09395762471395235],"Index(['METHYLHYDRAZINE<_and_ACRYLONITRILE>='], dtype='object')",[],0.12380536234377505
"PROPYLENE DICHLORIDE (1,2-DICHLOROPROPANE)<6.370e-05",DailyControllerMedication,0.0077955419703697,neg_correlate,0.6293675179378063,0.1657708497760171,1.0929641860995956,2,23,126,True,[],[],[],0.5613991836176415
FORMALDEHYDE>=2.105e+00		DIMETHYL PHTHALATE<6.870e-05,DailyControllerMedication,0.0009384873462897,mixed_sign_profile,-0.5892607061037048,-0.9383565111794424,-0.2401649010279674,2,39,110,True,[0.06137700517692779],"Index(['FORMALDEHYDE>=_and_DIMETHYL PHTHALATE<'], dtype='object')",[],0.040064947299219125
PHOSPHORUS>=1.107e-04		HEXAMETHYLENE DIISOCYANATE>=2.720e-07		METHYL METHACRYLATE>=2.085e-03,DailyControllerMedication,0.0726755233033057,pos_correlate,0.3537781727890163,-0.0325423766440183,0.7400987222220511,2,23,126,True,[0.41772664461727704],"Index(['HEXAMETHYLENE DIISOCYANATE>=_and_METHYL METHACRYLATE>='], dtype='object')",[],0.13096740548138427
PHOSPHORUS>=1.107e-04		HEXAMETHYLENE DIISOCYANATE>=2.720e-07		METHYL METHACRYLATE<2.085e-03		GLYCOL ETHERS<1.086e-01,DailyControllerMedication,0.0407897755496575,mixed_sign_profile,-0.3677499278039586,-0.7200941127386064,-0.0154057428693109,2,14,135,True,"[0.8553823365105552, 0.8905552412644281]","Index(['HEXAMETHYLENE DIISOCYANATE>=_and_METHYL METHACRYLATE<_and_GLYCOL ETHERS<', 'METHYL METHACRYLATE<_and_GLYCOL ETHERS<'], dtype='object')",[],0.4834068434309906
ARSENIC COMPOUNDS(INORGANIC INCLUDING ARSINE)<5.816e-04		PHENOL<2.532e-02,DailyControllerMedication,0.0094165973853656,neg_correlate,0.5451298221616778,0.1336469003099099,0.9566127440134458,2,31,118,True,[0.4676813783152556],"Index(['ARSENIC COMPOUNDS(INORGANIC INCLUDING ARSINE)<_and_PHENOL<'], dtype='object')",[],0.17040217189277196
ARSENIC COMPOUNDS(INORGANIC INCLUDING ARSINE)<5.820e-04		PHENOL>=2.532e-02,DailyControllerMedication,0.9226879964082398,mixed_sign_profile,0.016937017240062,-0.3251187019981772,0.3589927364783012,2,22,127,True,[0.4682560712570475],"Index(['ARSENIC COMPOUNDS(INORGANIC INCLUDING ARSINE)<_and_PHENOL>='], dtype='object')",[],0.9396364510484548
PHOSPHORUS>=1.107e-04		HEXAMETHYLENE DIISOCYANATE>=2.295e-07		BIPHENYL<4.500e-05		ETHYLENE OXIDE>=2.476e-04,DailyControllerMedication,0.0246476442238088,mixed_sign_profile,-0.4258982042988603,-0.7974110725968792,-0.0543853360008413,2,14,135,True,"[0.8199992139361116, 0.8517597445509508]","Index(['HEXAMETHYLENE DIISOCYANATE>=_and_BIPHENYL<_and_ETHYLENE OXIDE>=', 'BIPHENYL<_and_ETHYLENE OXIDE>='], dtype='object')",[],0.8099837970304303
NAPHTHALENE<2.825e-01		TRICHLOROETHYLENE>=1.002e-01,DailyControllerMedication,0.0029419150065791,mixed_sign_profile,-0.5483630937397814,-0.909783689352656,-0.1869424981269069,2,31,118,True,[nan],"Index(['NAPHTHALENE<_and_TRICHLOROETHYLENE>='], dtype='object')",[],0.5601646240825142
"POLYCHLORINATED BIPHENYLS (AROCLORS)>=3.905e-08		ETHYLENE OXIDE<2.906e-04		PROPYLENE DICHLORIDE (1,2-DICHLOROPROPANE)<7.715e-05",DailyControllerMedication,0.0016387902407602,mixed_sign_profile,0.8042049200817107,0.3036471965174988,1.3047626436459223,2,27,122,True,[0.7398141031987048],"Index(['ETHYLENE OXIDE<_and_PROPYLENE DICHLORIDE (1,2-DICHLOROPROPANE)<'], dtype='object')",[],0.4110058080318933
"POLYCHLORINATED BIPHENYLS (AROCLORS)>=3.905e-08		ETHYLENE OXIDE<2.906e-04		PROPYLENE DICHLORIDE (1,2-DICHLOROPROPANE)>=7.715e-05		2,2,4-TRIMETHYLPENTANE<6.709e-01",DailyControllerMedication,0.9766743785706498,mixed_sign_profile,0.0049289350145661,-0.3254757116940177,0.33533358172315,2,7,142,True,"[0.31313128271109103, 0.9882748334142382]","Index(['ETHYLENE OXIDE<_and_PROPYLENE DICHLORIDE (1,2-DICHLOROPROPANE)>=_and_2,2,4-TRIMETHYLPENTANE<', 'PROPYLENE DICHLORIDE (1,2-DICHLOROPROPANE)>=_and_2,2,4-TRIMETHYLPENTANE<'], dtype='object')",[],0.2776050395731514
"POLYCHLORINATED BIPHENYLS (AROCLORS)>=3.905e-08		ETHYLENE OXIDE<2.906e-04		PROPYLENE DICHLORIDE (1,2-DICHLOROPROPANE)>=7.715e-05		2,2,4-TRIMETHYLPENTANE>=6.709e-01",DailyControllerMedication,0.00354091800514,mixed_sign_profile,-0.6693260554725848,-1.1191454266806415,-0.2195066842645281,2,13,136,True,"[0.05536735766524087, 0.9877247721390847]","Index(['ETHYLENE OXIDE<_and_PROPYLENE DICHLORIDE (1,2-DICHLOROPROPANE)>=_and_2,2,4-TRIMETHYLPENTANE>=', 'PROPYLENE DICHLORIDE (1,2-DICHLOROPROPANE)>=_and_2,2,4-TRIMETHYLPENTANE>='], dtype='object')",[],0.9597961172000661
POLYCHLORINATED BIPHENYLS (AROCLORS)<3.905e-08		ACRYLIC ACID<4.375e-07,DailyControllerMedication,0.4670497241574535,pos_correlate,-0.1259097753861482,-0.4652233936988756,0.213403842926579,2,15,134,True,[0.7580432130574323],"Index(['POLYCHLORINATED BIPHENYLS (AROCLORS)<_and_ACRYLIC ACID<'], dtype='object')",[],0.5050452333585528
POLYCHLORINATED BIPHENYLS (AROCLORS)<3.905e-08		ACRYLIC ACID>=4.375e-07,DailyControllerMedication,0.0067000263783383,mixed_sign_profile,0.547653527946904,0.1517760466264953,0.9435310092673128,2,35,114,True,[0.7577130740141336],"Index(['POLYCHLORINATED BIPHENYLS (AROCLORS)<_and_ACRYLIC ACID>='], dtype='object')",[],0.822759760182733
"1,3-BUTADIENE>=1.602e-01		SELENIUM COMPOUNDS<6.273e-04",DailyControllerMedication,0.0085154580076432,mixed_sign_profile,-0.4676554303021452,-0.8160462967211908,-0.1192645638830995,2,37,112,True,[0.273047600728596],"Index(['1,3-BUTADIENE>=_and_SELENIUM COMPOUNDS<'], dtype='object')",[],0.37271366298279535
"HYDROGEN FLUORIDE (HYDROFLUORIC ACID)<1.506e-02		ETHYLIDENE DICHLORIDE (1,1-DICHLOROETHANE)>=1.118e-04",DailyControllerMedication,0.0630819248971031,mixed_sign_profile,0.3617175718463699,-0.0197244907172527,0.7431596344099927,2,21,128,True,[0.8131797486898653],"Index(['HYDROGEN FLUORIDE (HYDROFLUORIC ACID)<_and_ETHYLIDENE DICHLORIDE (1,1-DICHLOROETHANE)>='], dtype='object')",[],0.5351453654533891
"HYDROGEN FLUORIDE (HYDROFLUORIC ACID)<1.506e-02		ETHYLIDENE DICHLORIDE (1,1-DICHLOROETHANE)<1.118e-04		ETHYLENE OXIDE>=2.698e-04",DailyControllerMedication,0.0565979152453927,mixed_sign_profile,-0.3312852529753715,-0.6718780342049087,0.0093075282541657,2,26,123,True,[0.8854372510450884],"Index(['ETHYLIDENE DICHLORIDE (1,1-DICHLOROETHANE)<_and_ETHYLENE OXIDE>='], dtype='object')",[],0.13840181906707968
"METHYL METHACRYLATE<3.122e-03		ETHYLIDENE DICHLORIDE (1,1-DICHLOROETHANE)>=1.675e-04",DailyControllerMedication,0.1916172258190757,mixed_sign_profile,0.2338388835996502,-0.1171431419899992,0.5848209091892996,2,30,119,True,[0.705848338450052],"Index(['METHYL METHACRYLATE<_and_ETHYLIDENE DICHLORIDE (1,1-DICHLOROETHANE)>='], dtype='object')",[],0.5613991836176415
CHLOROACETIC ACID<3.130e-07		ETHYLENE OXIDE>=2.911e-04		BIS(2-ETHYLHEXYL)PHTHALATE (DEHP)<5.629e-03,DailyControllerMedication,0.2421045511489843,mixed_sign_profile,-0.2049129832215262,-0.548255229376086,0.1384292629330335,2,17,132,True,[nan],"Index(['ETHYLENE OXIDE>=_and_BIS(2-ETHYLHEXYL)PHTHALATE (DEHP)<'], dtype='object')",[],0.4632407590763511
CHLOROACETIC ACID<3.130e-07		ETHYLENE OXIDE>=2.911e-04		BIS(2-ETHYLHEXYL)PHTHALATE (DEHP)>=5.629e-03,DailyControllerMedication,0.0025321284140649,mixed_sign_profile,-0.5540270442600196,-0.9136501255097732,-0.1944039630102658,2,24,125,True,[0.7836296200959739],"Index(['ETHYLENE OXIDE>=_and_BIS(2-ETHYLHEXYL)PHTHALATE (DEHP)>='], dtype='object')",[],0.772768176102135
"POLYCHLORINATED BIPHENYLS (AROCLORS)>=3.905e-08		ETHYLENE OXIDE<2.911e-04		PROPYLENE DICHLORIDE (1,2-DICHLOROPROPANE)>=7.715e-05",DailyControllerMedication,0.0073751952395327,mixed_sign_profile,-0.4982844284237849,-0.8627748986636976,-0.1337939581838723,2,20,129,True,[0.6923741977115508],"Index(['ETHYLENE OXIDE<_and_PROPYLENE DICHLORIDE (1,2-DICHLOROPROPANE)>='], dtype='object')",[],0.026914662572345576
PHOSPHORUS>=1.107e-04		DIETHANOLAMINE<1.637e-04,DailyControllerMedication,0.2746129155349219,mixed_sign_profile,-0.1864535149544844,-0.5209540297982278,0.1480469998892589,2,26,123,True,[0.6221620411596072],"Index(['PHOSPHORUS>=_and_DIETHANOLAMINE<'], dtype='object')",[],0.13096740548138427
ACRYLONITRILE>=1.008e-02,DailyControllerMedication,0.2744974195237372,pos_correlate,0.2077784551024123,-0.1648896402046501,0.5804465504094748,2,25,124,True,[],[],[],0.7915553537911026
DICHLOROETHYL ETHER (BIS[2-CHLOROETHYL]ETHER)>=1.585e-06,DailyControllerMedication,0.3065398469570422,pos_correlate,0.1798667168832457,-0.164904952951749,0.5246383867182405,2,42,107,True,[],[],[],0.987692017584976
PAHPOM>=1.578e-02,DailyControllerMedication,0.3478029527397097,pos_correlate,0.1673723468854597,-0.182034372450466,0.5167790662213855,2,50,99,True,[],[],[],0.08358774364263082
PHOSPHORUS>=1.107e-04		HEXAMETHYLENE DIISOCYANATE<3.145e-07,DailyControllerMedication,0.0993268940844263,mixed_sign_profile,-0.2835986072999111,-0.6208563057322839,0.0536590911324617,2,31,118,True,[0.7893884127601839],"Index(['PHOSPHORUS>=_and_HEXAMETHYLENE DIISOCYANATE<'], dtype='object')",[],0.028984787326057533
HYDROQUINONE<7.408e-06		CARBON TETRACHLORIDE>=6.102e-01,DailyControllerMedication,0.9545730444364144,mixed_sign_profile,0.0101084551868891,-0.3376874618070322,0.3579043721808105,2,30,119,True,[0.4014469020391177],"Index(['HYDROQUINONE<_and_CARBON TETRACHLORIDE>='], dtype='object')",[],0.17505301742082416
HYDROQUINONE>=7.255e-06		CRESOL_CRESYLIC ACID (MIXED ISOMERS)>=1.750e-02,DailyControllerMedication,0.0216233350110911,neg_correlate,-0.402400606829196,-0.7457694241100035,-0.0590317895483886,2,33,116,True,[0.0844081371574126],"Index(['HYDROQUINONE>=_and_CRESOL_CRESYLIC ACID (MIXED ISOMERS)>='], dtype='object')",[],0.17040217189277196
FORMALDEHYDE>=1.652e+00		VINYL ACETATE<3.033e-04		HYDRAZINE<4.427e-06,DailyControllerMedication,0.8234833799615411,mixed_sign_profile,-2.21799681883318,-21.706286643130884,17.270293005464527,2,7,142,True,[0.88805869474252],"Index(['VINYL ACETATE<_and_HYDRAZINE<'], dtype='object')",[],0.6536941461499244
FORMALDEHYDE>=1.652e+00		VINYL ACETATE<3.033e-04		HYDRAZINE>=4.427e-06,DailyControllerMedication,0.6374218928742246,mixed_sign_profile,-0.0791270108190019,-0.4081827311154951,0.2499287094774911,2,8,141,True,[0.8297303118128115],"Index(['VINYL ACETATE<_and_HYDRAZINE>='], dtype='object')",[],0.24445022215469409
COBALT COMPOUNDS<1.033e-04,DailyControllerMedication,0.0577522534015845,neg_correlate,0.3505840576863804,-0.0115268336569393,0.7126949490297003,2,45,104,True,[],[],[],0.12974478846383367
CHLOROPRENE>=5.270e-05,DailyControllerMedication,0.1490550135089598,pos_correlate,0.2639441277008736,-0.0945901371888331,0.6224783925905804,2,28,121,True,[],[],[],0.7310293037158939
ETHYLENE OXIDE>=2.871e-04		CHLOROACETIC ACID<1.815e-07,DailyControllerMedication,0.0008681759413242,mixed_sign_profile,-0.6210953603468321,-0.9866482908808344,-0.2555424298128297,2,29,120,True,[0.9999999658311625],"Index(['ETHYLENE OXIDE>=_and_CHLOROACETIC ACID<'], dtype='object')",[],0.028984787326057533
METHYL CHLORIDE (CHLOROMETHANE)<1.061e+00,DailyControllerMedication,0.1794276475289881,neg_correlate,0.2441309746469758,-0.1122794587673629,0.6005414080613146,2,29,120,True,[],[],[],0.06763163630009988
CHLOROACETIC ACID<3.130e-07		ETHYLENE OXIDE<2.916e-04		ACETALDEHYDE<2.788e+00,DailyControllerMedication,0.0014530686359763,neg_correlate,0.7065397230134731,0.2716033708382301,1.141476075188716,2,33,116,True,[0.8868549953695706],"Index(['ETHYLENE OXIDE<_and_ACETALDEHYDE<'], dtype='object')",[],0.048789179927981395
CHLOROACETIC ACID<3.130e-07		ETHYLENE OXIDE<2.916e-04		ACETALDEHYDE>=2.788e+00,DailyControllerMedication,0.0289990686834398,mixed_sign_profile,-0.3945950395819596,-0.7487935070094087,-0.0403965721545104,2,19,130,True,[0.9031082361065222],"Index(['ETHYLENE OXIDE<_and_ACETALDEHYDE>='], dtype='object')",[],0.024389096652583334
CHLOROACETIC ACID<3.130e-07		ETHYLENE OXIDE<2.916e-04		PROPYLENE OXIDE>=7.292e-04,DailyControllerMedication,0.0601569423138167,mixed_sign_profile,-0.3335914722110943,-0.6814382520324269,0.0142553076102383,2,16,133,True,[0.04019761553559399],"Index(['ETHYLENE OXIDE<_and_PROPYLENE OXIDE>='], dtype='object')",[],0.15309687196725144
CRESOL_CRESYLIC ACID (MIXED ISOMERS)>=2.473e-02,DailyControllerMedication,0.0166442336320972,pos_correlate,0.4494112055471689,0.0815517676930859,0.817270643401252,2,39,110,True,[],[],[],0.5613991836176415
HEXACHLOROBENZENE<2.400e-10,DailyControllerMedication,0.065865510980269,neg_correlate,0.3380313913184105,-0.022168534430921,0.6982313170677421,2,36,113,True,[],[],[],0.12974478846383367
ETHYL ACRYLATE>=4.195e-06		ACETONITRILE<1.495e-03,DailyControllerMedication,0.0270868834959897,mixed_sign_profile,-0.4040890040586687,-0.7624172809442094,-0.045760727173128,2,22,127,True,[0.8032971769963575],"Index(['ETHYL ACRYLATE>=_and_ACETONITRILE<'], dtype='object')",[],0.3623267824086087
ETHYLENE OXIDE>=1.421e-02,DailyControllerMedication,0.2779797027314057,neg_correlate,-0.1837821672294241,-0.515809763204251,0.1482454287454027,2,17,132,True,[],[],[],0.26701372806780527
CHLOROFORM<6.691e-03,DailyControllerMedication,0.0113537285031801,neg_correlate,0.5307057826580945,0.1198366031283317,0.9415749621878572,2,27,122,True,[],[],[],0.023680979922867957
METHYLHYDRAZINE<3.685e-06		BENZIDINE>=1.238e-08,DailyControllerMedication,0.0332774575670732,mixed_sign_profile,0.3907806041323289,0.0309794014419916,0.7505818068226663,2,40,109,True,[0.22873295374118252],"Index(['METHYLHYDRAZINE<_and_BENZIDINE>='], dtype='object')",[],0.047983331291662074
TOLUENE<4.954e+00,DailyControllerMedication,0.0467323619559728,neg_correlate,0.3752850030183365,0.0054260436921962,0.7451439623444768,2,36,113,True,[],[],[],0.48123558606112854
CHLOROACETIC ACID>=3.130e-07		GLYCOL ETHERS<6.787e-03,DailyControllerMedication,0.0309758552583803,mixed_sign_profile,0.4430813690955621,0.0405456895455395,0.8456170486455847,2,23,126,True,[0.12065873342840007],"Index(['CHLOROACETIC ACID>=_and_GLYCOL ETHERS<'], dtype='object')",[],0.17505301742082416
HYDROQUINONE>=7.160e-06		GLYCOL ETHERS<1.086e-01,DailyControllerMedication,0.0076020386102126,mixed_sign_profile,-0.4692887762036012,-0.8138756093774647,-0.1247019430297377,2,33,116,True,[0.9999999539351218],"Index(['HYDROQUINONE>=_and_GLYCOL ETHERS<'], dtype='object')",[],0.789386069906979
"PENTACHLOROPHENOL>=2.360e-10		ETHYLIDENE DICHLORIDE (1,1-DICHLOROETHANE)>=1.093e-04",DailyControllerMedication,0.3684121868472222,pos_correlate,0.1635474631224196,-0.1928331938211916,0.5199281200660308,2,34,115,True,[0.0041903891164160835],"Index(['PENTACHLOROPHENOL>=_and_ETHYLIDENE DICHLORIDE (1,1-DICHLOROETHANE)>='], dtype='object')",[],0.028833271791282113
"ETHYLIDENE DICHLORIDE (1,1-DICHLOROETHANE)<1.545e-04		ETHYLENE OXIDE<2.916e-04		PROPYLENE OXIDE<7.292e-04",DailyControllerMedication,0.0069176709621857,neg_correlate,0.5442268795987607,0.1492800942113021,0.9391736649862192,2,35,114,True,[0.02518415231227917],"Index(['ETHYLENE OXIDE<_and_PROPYLENE OXIDE<'], dtype='object')",[],0.03455321305785489
"ETHYLIDENE DICHLORIDE (1,1-DICHLOROETHANE)<1.545e-04		ETHYLENE OXIDE<2.916e-04		PROPYLENE OXIDE>=7.292e-04",DailyControllerMedication,0.0601569423138167,mixed_sign_profile,-0.3335914722110943,-0.6814382520324269,0.0142553076102383,2,16,133,True,[0.025182971311208176],"Index(['ETHYLENE OXIDE<_and_PROPYLENE OXIDE>='], dtype='object')",[],0.08709788510246565
"ETHYLIDENE DICHLORIDE (1,1-DICHLOROETHANE)<1.557e-04		ETHYLENE OXIDE>=2.916e-04		PHOSPHINE<4.120e-09",DailyControllerMedication,0.8732072846318624,mixed_sign_profile,0.0287239258924467,-0.3240507194659074,0.3814985712508009,2,17,132,True,[0.8296589382680962],"Index(['ETHYLENE OXIDE>=_and_PHOSPHINE<'], dtype='object')",[],0.14922572883502694
"ETHYLIDENE DICHLORIDE (1,1-DICHLOROETHANE)<1.557e-04		ETHYLENE OXIDE>=2.916e-04		PHOSPHINE>=4.120e-09",DailyControllerMedication,0.0060174337256829,mixed_sign_profile,-0.4899138149491941,-0.839485311395316,-0.1403423185030722,2,27,122,True,[1.2687137184368012e-06],"Index(['ETHYLENE OXIDE>=_and_PHOSPHINE>='], dtype='object')",[],0.03455321305785489
DIMETHYL SULFATE<6.996e-07,EmergencyRoomVisit,0.8184480196689806,neg_correlate,3.041344739315352,-22.92748659799388,29.010176076624585,5,17,134,True,[],[],[],0.03455321305785489
CHLOROPRENE<7.318e-07,EmergencyRoomVisit,0.0519923659821344,neg_correlate,0.5586719159502174,-0.0048205453440002,1.122164377244435,4,23,128,True,[],[],[],0.3128375765313064
MANGANESE COMPOUNDS>=5.520e-03,EmergencyRoomVisit,0.1143607051647656,neg_correlate,-0.3063834325707618,-0.6867136161361119,0.0739467509945883,4,15,136,True,[],[],[],0.6573219482575396
"HYDROQUINONE<1.654e-05		1,4-DIOXANE>=1.662e-06",EmergencyRoomVisit,0.0028221235294752,mixed_sign_profile,0.809700210669934,0.2783104104815027,1.3410900108583652,4,44,107,True,[0.35987456740887236],"Index(['HYDROQUINONE<_and_1,4-DIOXANE>='], dtype='object')",[],0.023680979922867957
"1,3-DICHLOROPROPENE<1.455e-03",EmergencyRoomVisit,0.1984511991011366,pos_correlate,-0.2479336410384581,-0.6258106376492687,0.1299433555723525,4,27,124,True,[],[],[],0.8927388728647684
TITANIUM TETRACHLORIDE>=4.926e-05,EmergencyRoomVisit,0.0108840165519157,pos_correlate,0.7116936633855693,0.1639032329197175,1.259484093851421,4,31,120,True,[],[],[],0.13747273586106887
STYRENE>=1.075e-01,EmergencyRoomVisit,0.0945524246478186,pos_correlate,0.4236328739484443,-0.0730034568590877,0.9202692047559764,4,26,125,True,[],[],[],0.2673574764514844
POLYCHLORINATED BIPHENYLS (AROCLORS)<8.265e-09,EmergencyRoomVisit,0.0348066248128684,neg_correlate,0.7684469758145989,0.0548452941843977,1.4820486574448,3,21,130,True,[],[],[],0.023680979922867957
"POLYCHLORINATED BIPHENYLS (AROCLORS)>=8.265e-09		PROPYLENE DICHLORIDE (1,2-DICHLOROPROPANE)>=6.441e-03",EmergencyRoomVisit,0.0045582956206513,neg_correlate,-0.7331538347409134,-1.2397132224472394,-0.2265944470345876,3,8,143,True,[0.7929707322069897],"Index(['POLYCHLORINATED BIPHENYLS (AROCLORS)>=_and_PROPYLENE DICHLORIDE (1,2-DICHLOROPROPANE)>='], dtype='object')",[],0.07285549061434697
BERYLLIUM COMPOUNDS>=3.165e-04,EmergencyRoomVisit,0.0631031944365731,neg_correlate,-0.3656828556693913,-0.7513375386201164,0.0199718272813337,3,13,138,True,[],[],[],0.04702162504055181
PHOSPHORUS>=3.508e-04,EmergencyRoomVisit,0.8165015702329707,pos_correlate,0.0472274085980962,-0.3516747590239868,0.4461295762201793,3,24,127,True,[],[],[],0.5241769714910196
"1,3-BUTADIENE<1.992e-01",EmergencyRoomVisit,0.8200876361822987,neg_correlate,0.044367035816399,-0.3379788618218851,0.4267129334546832,3,79,72,True,[],[],[],0.13527032422984112
PROPYLENE OXIDE<7.004e-04,EmergencyRoomVisit,0.220567987184857,neg_correlate,0.2522092512671006,-0.1513118117483476,0.655730314282549,3,59,92,True,[],[],[],0.20745885102448083
DIMETHYL SULFATE>=7.007e-07		NICKEL COMPOUNDS<2.229e-03,EmergencyRoomVisit,0.0022810141015692,mixed_sign_profile,-0.6363388295473298,-1.0451268989651012,-0.2275507601295583,3,10,141,True,[0.9888172890076549],"Index(['DIMETHYL SULFATE>=_and_NICKEL COMPOUNDS<'], dtype='object')",[],0.27356970517884843
ACROLEIN<7.000e-02,EmergencyRoomVisit,0.5318974294493778,neg_correlate,0.1249473943684303,-0.266810113730495,0.5167049024673557,3,42,109,True,[],[],[],0.31831262041287817
DIMETHYL PHTHALATE>=9.782e-05,EmergencyRoomVisit,0.1240776257654376,neg_correlate,-0.2819678360205477,-0.6413237771849156,0.0773881051438201,3,25,126,True,[],[],[],0.1941912721935641
HYDROQUINONE<1.654e-05		METHYL IODIDE (IODOMETHANE)>=9.885e-08,EmergencyRoomVisit,0.1933663011514202,mixed_sign_profile,-0.2442682026729708,-0.6123487774622689,0.1238123721163272,2,5,146,True,[],"Index(['HYDROQUINONE<_and_METHYL IODIDE (IODOMETHANE)>='], dtype='object')","[['HYDROQUINONE<_and_METHYL IODIDE (IODOMETHANE)>=', 'METHYL IODIDE (IODOMETHANE)>='], ['HYDROQUINONE<_and_METHYL IODIDE (IODOMETHANE)>=', 'METHYL IODIDE (IODOMETHANE)>=']]",0.028283309545092568
"HYDROQUINONE<1.654e-05		METHYL IODIDE (IODOMETHANE)<9.885e-08		1,4-DIOXANE<8.224e-12",EmergencyRoomVisit,0.4929661441892075,pos_correlate,-0.1230861815642263,-0.4749603185298373,0.2287879554013845,2,7,144,True,[],"Index(['METHYL IODIDE (IODOMETHANE)<_and_1,4-DIOXANE<'], dtype='object')","[['METHYL IODIDE (IODOMETHANE)<_and_1,4-DIOXANE<', '1,4-DIOXANE<']]",0.023680979922867957
"POLYCHLORINATED BIPHENYLS (AROCLORS)>=8.265e-09		PROPYLENE DICHLORIDE (1,2-DICHLOROPROPANE)<6.441e-03		2-CHLOROACETOPHENONE>=2.420e-07",EmergencyRoomVisit,0.0226849855237314,mixed_sign_profile,-0.4409267173768093,-0.8201784841000946,-0.061674950653524,2,8,143,True,['repeated'],"Index(['PROPYLENE DICHLORIDE (1,2-DICHLOROPROPANE)<_and_2-CHLOROACETOPHENONE>='], dtype='object')",[],0.9862978421303183
"CHLOROPRENE>=7.318e-07		1,3-DICHLOROPROPENE<1.455e-03",EmergencyRoomVisit,0.0012589034399108,mixed_sign_profile,-0.698782772546527,-1.1234369100301955,-0.2741286350628582,2,11,140,True,[0.0407492504802961],"Index(['CHLOROPRENE>=_and_1,3-DICHLOROPROPENE<'], dtype='object')",[],0.12974478846383367
"1,4-DICHLOROBENZENE<1.355e-03",EmergencyRoomVisit,0.1943501985054158,neg_correlate,0.2890273028173408,-0.1474618697800329,0.7255164754147145,2,23,128,True,[],[],[],0.4330966191896804
HYDROQUINONE>=1.654e-05		CRESOL_CRESYLIC ACID (MIXED ISOMERS)<1.485e-02,EmergencyRoomVisit,0.5540456482612164,mixed_sign_profile,0.119721943882998,-0.2768425911058104,0.5162864788718065,2,22,129,True,[0.09251764152273037],"Index(['HYDROQUINONE>=_and_CRESOL_CRESYLIC ACID (MIXED ISOMERS)<'], dtype='object')",[],0.11612283879968999
ANTIMONY COMPOUNDS>=2.322e-04,EmergencyRoomVisit,0.5580819712529135,neg_correlate,-0.1110865676593942,-0.4828269588641427,0.2606538235453542,2,19,132,True,[],[],[],0.5632070203075175
ANTIMONY COMPOUNDS<2.322e-04		PHENOL<2.225e-02		CARBONYL SULFIDE>=8.152e-05,EmergencyRoomVisit,0.9305340404561616,mixed_sign_profile,-0.0175614947569238,-0.4124075718419251,0.3772845823280775,2,31,120,True,[],"Index(['PHENOL<_and_CARBONYL SULFIDE>='], dtype='object')","[['PHENOL<_and_CARBONYL SULFIDE>=', 'CARBONYL SULFIDE>=']]",0.03455321305785489
METHYL ISOBUTYL KETONE (HEXONE)>=2.961e-01		PROPIONALDEHYDE<1.125e-01,EmergencyRoomVisit,0.3972611896539836,mixed_sign_profile,-0.1611484203545176,-0.5342572365408194,0.2119603958317841,2,25,126,True,[0.7296422623158129],"Index(['METHYL ISOBUTYL KETONE (HEXONE)>=_and_PROPIONALDEHYDE<'], dtype='object')",[],0.036750924032986444
"HYDROQUINONE<1.654e-05		1,4-DIOXANE<1.607e-06		HEXACHLOROBENZENE<1.251e-09",EmergencyRoomVisit,0.7424905152868566,neg_correlate,0.0690742740780542,-0.3429792456317121,0.4811277937878206,2,32,119,True,[0.7574688453470223],"Index(['1,4-DIOXANE<_and_HEXACHLOROBENZENE<'], dtype='object')",[],0.13099903655187328
"HYDROQUINONE<1.654e-05		1,4-DIOXANE<1.607e-06		HEXACHLOROBENZENE>=1.251e-09",EmergencyRoomVisit,0.2636267372317333,mixed_sign_profile,-0.2065292787760421,-0.5686407261048079,0.1555821685527235,2,17,134,True,[0.7872542077758059],"Index(['1,4-DIOXANE<_and_HEXACHLOROBENZENE>='], dtype='object')",[],0.12974478846383367
MALEIC ANHYDRIDE<1.695e-05,EmergencyRoomVisit,0.4274636760633779,neg_correlate,0.1568879822051861,-0.2306098909276475,0.5443858553380198,2,51,100,True,[],[],[],0.2924168124301669
PHENOL>=2.486e-02,EmergencyRoomVisit,0.0708887365953335,neg_correlate,-0.3316673949499251,-0.6915721174538183,0.0282373275539681,2,26,125,True,[],[],[],0.3482907577932757
STYRENE<2.085e-02,EmergencyRoomVisit,0.4593127166750909,pos_correlate,-0.1424332856405689,-0.5196927721344897,0.2348262008533518,2,27,124,True,[],[],[],0.026914662572345576
METHYL ISOBUTYL KETONE (HEXONE)>=2.961e-01		NAPHTHALENE<3.021e-01,EmergencyRoomVisit,0.3530798468569749,mixed_sign_profile,-0.1784281756695632,-0.5550174045436432,0.1981610532045167,2,39,112,True,[nan],"Index(['METHYL ISOBUTYL KETONE (HEXONE)>=_and_NAPHTHALENE<'], dtype='object')",[],0.03455321305785489
DIBUTYLPHTHALATE<1.519e-04,EmergencyRoomVisit,0.6785281546262649,pos_correlate,-0.0809417784992419,-0.4637005811137129,0.301817024115229,2,50,101,True,[],[],[],0.3816654080315864
HYDROQUINONE>=1.654e-05		CADMIUM COMPOUNDS<5.296e-04,EmergencyRoomVisit,0.0029540483311111,mixed_sign_profile,-0.5440628189486387,-0.90280153923447,-0.1853240986628075,2,30,121,True,[0.03580790774766549],"Index(['HYDROQUINONE>=_and_CADMIUM COMPOUNDS<'], dtype='object')",[],0.3816654080315864
"STYRENE>=1.075e-01		1,1,1-TRICHLOROETHANE<1.948e+00",EmergencyRoomVisit,0.0610030603188266,mixed_sign_profile,0.517049523009226,-0.0238700934177085,1.0579691394361606,2,21,130,True,[0.6515273963314885],"Index(['STYRENE>=_and_1,1,1-TRICHLOROETHANE<'], dtype='object')",[],0.4154754950492142
"STYRENE>=1.075e-01		1,1,1-TRICHLOROETHANE>=1.948e+00",EmergencyRoomVisit,0.7046773271554938,neg_correlate,-0.0852955413226107,-0.526377152034967,0.3557860693897455,2,5,146,True,[0.651858253792376],"Index(['STYRENE>=_and_1,1,1-TRICHLOROETHANE>='], dtype='object')",[],0.459997453623487
BENZIDINE<1.194e-08,EmergencyRoomVisit,0.987692017584976,pos_correlate,-0.0029860322066252,-0.3823696278073029,0.3763975633940524,2,37,114,True,[],[],[],0.17505301742082416
"TITANIUM TETRACHLORIDE<4.560e-05		1,3-DICHLOROPROPENE<1.455e-03",EmergencyRoomVisit,0.0280324750021018,pos_correlate,-0.4260219996095743,-0.8061092917205098,-0.0459347074986388,2,18,133,True,[0.3888638075617281],"Index(['TITANIUM TETRACHLORIDE<_and_1,3-DICHLOROPROPENE<'], dtype='object')",[],0.9784373705473248
DIBUTYLPHTHALATE>=4.369e-04		STYRENE<1.075e-01,EmergencyRoomVisit,0.0042416761940572,mixed_sign_profile,-0.5145202375258366,-0.8671706133611745,-0.1618698616904987,2,27,124,True,[0.9438400998133375],"Index(['DIBUTYLPHTHALATE>=_and_STYRENE<'], dtype='object')",[],0.07285549061434697
DIBUTYLPHTHALATE>=4.369e-04		STYRENE>=1.075e-01,EmergencyRoomVisit,0.0993683783019087,pos_correlate,0.4122381962304087,-0.0780588573371868,0.9025352497980044,2,25,126,True,[0.9456018664784531],"Index(['DIBUTYLPHTHALATE>=_and_STYRENE>='], dtype='object')",[],0.8826880674097564
METHYL ISOBUTYL KETONE (HEXONE)>=4.118e-01		STYRENE>=1.075e-01,EmergencyRoomVisit,0.0945524246478186,pos_correlate,0.4236328739484443,-0.0730034568590877,0.9202692047559764,2,26,125,True,[],"Index(['METHYL ISOBUTYL KETONE (HEXONE)>=_and_STYRENE>='], dtype='object')","[['METHYL ISOBUTYL KETONE (HEXONE)>=_and_STYRENE>=', 'STYRENE>='], ['METHYL ISOBUTYL KETONE (HEXONE)>=_and_STYRENE>=', 'STYRENE>=']]",0.028833271791282113
PHOSPHORUS<3.508e-04		ETHYL ACRYLATE>=8.046e-06,EmergencyRoomVisit,0.1777889637510455,mixed_sign_profile,-0.2605706830602748,-0.6395491512327914,0.1184077851122418,2,43,108,True,[0.532374038831566],"Index(['PHOSPHORUS<_and_ETHYL ACRYLATE>='], dtype='object')",[],0.03455321305785489
ETHYLENE OXIDE<2.591e-04,EmergencyRoomVisit,0.3007359570965073,neg_correlate,0.2111961974916551,-0.1887983545170816,0.6111907495003919,2,42,109,True,[],[],[],0.9862978421303183
NICKEL COMPOUNDS<3.843e-03,EmergencyRoomVisit,0.4508642096273895,pos_correlate,-0.1460188261736081,-0.525595901345475,0.2335582489982585,2,58,93,True,[],[],[],0.026914662572345576
O-TOLUIDINE<5.382e-08,EmergencyRoomVisit,0.0695746163199312,neg_correlate,0.4462208362497373,-0.0357272315703289,0.9281689040698036,2,29,122,True,[],[],[],0.023680979922867957
DIMETHYL SULFATE>=6.996e-07		HYDRAZINE<3.126e-06,EmergencyRoomVisit,0.0025157403830252,mixed_sign_profile,-0.6213410942765816,-1.0243957506777837,-0.2182864378753793,2,9,142,True,[0.9840136840198341],"Index(['DIMETHYL SULFATE>=_and_HYDRAZINE<'], dtype='object')",[],0.03455321305785489
TITANIUM TETRACHLORIDE>=4.743e-05		ACRYLIC ACID<4.538e-07,EmergencyRoomVisit,0.8103899968809162,mixed_sign_profile,-0.044039438266036,-0.4038037568321543,0.3157248803000821,2,10,141,True,[0.05870255988720992],"Index(['TITANIUM TETRACHLORIDE>=_and_ACRYLIC ACID<'], dtype='object')",[],0.08946726296721319
TITANIUM TETRACHLORIDE>=4.743e-05		ACRYLIC ACID>=4.538e-07,EmergencyRoomVisit,0.0341974592240547,pos_correlate,0.8030065746433096,0.0598241370276096,1.5461890122590094,2,23,128,True,[0.05874556426632913],"Index(['TITANIUM TETRACHLORIDE>=_and_ACRYLIC ACID>='], dtype='object')",[],0.023680979922867957
METHYLHYDRAZINE>=3.050e-06		CADMIUM COMPOUNDS<3.915e-04,EmergencyRoomVisit,0.9303983810132722,mixed_sign_profile,-0.0172062156463386,-0.4033083962100179,0.3688959649173406,2,39,112,True,[0.8504658188861829],"Index(['METHYLHYDRAZINE>=_and_CADMIUM COMPOUNDS<'], dtype='object')",[],0.03455321305785489
PHOSPHORUS<1.956e-04,EmergencyRoomVisit,0.0248538056305278,neg_correlate,0.4694558939117376,0.0593609653359946,0.8795508224874806,2,71,80,True,[],[],[],0.6646178738389278
NAPHTHALENE<1.085e-01,EmergencyRoomVisit,0.1376091260655866,pos_correlate,-0.2868321649505504,-0.6654678790907778,0.0918035491896768,2,40,111,True,[],[],[],0.07296593469430439
"1,3-DICHLOROPROPENE>=1.455e-03		COBALT COMPOUNDS>=1.462e-04		STYRENE>=1.075e-01",EmergencyRoomVisit,0.0945524246478186,pos_correlate,0.4236328739484443,-0.0730034568590877,0.9202692047559764,2,26,125,True,[],"Index(['COBALT COMPOUNDS>=_and_STYRENE>='], dtype='object')","[['COBALT COMPOUNDS>=_and_STYRENE>=', 'STYRENE>=']]",0.9862978421303183
BERYLLIUM COMPOUNDS<2.913e-04		VINYL ACETATE>=1.228e-03,EmergencyRoomVisit,0.0529643433204872,mixed_sign_profile,0.4329017922539004,-0.0055370595752814,0.8713406440830822,2,39,112,True,[0.16807053052725973],"Index(['BERYLLIUM COMPOUNDS<_and_VINYL ACETATE>='], dtype='object')",[],0.27326308334872795
BERYLLIUM COMPOUNDS>=2.913e-04		PHOSPHORUS<3.078e-04,EmergencyRoomVisit,0.7260220619723979,mixed_sign_profile,-0.0730289203839642,-0.481490939360451,0.3354330985925224,2,12,139,True,[0.5201159613554468],"Index(['BERYLLIUM COMPOUNDS>=_and_PHOSPHORUS<'], dtype='object')",[],0.4330966191896804
BERYLLIUM COMPOUNDS>=2.913e-04		PHOSPHORUS>=3.078e-04,EmergencyRoomVisit,0.0505790199819081,neg_correlate,-0.3507115519295579,-0.7023074318340594,0.0008843279749435,2,17,134,True,[0.5198303711412973],"Index(['BERYLLIUM COMPOUNDS>=_and_PHOSPHORUS>='], dtype='object')",[],0.03455321305785489
PHENOL<2.345e-02		METHYL ISOBUTYL KETONE (HEXONE)>=4.653e-01		NAPHTHALENE<3.088e-01,EmergencyRoomVisit,0.4570744334609348,mixed_sign_profile,-0.1407574406366832,-0.5117263732456587,0.2302114919722922,2,22,129,True,[nan],"Index(['METHYL ISOBUTYL KETONE (HEXONE)>=_and_NAPHTHALENE<'], dtype='object')",[],0.023680979922867957
HEXAMETHYLENE DIISOCYANATE>=2.350e-06,EmergencyRoomVisit,0.0097719383656632,neg_correlate,-0.5120310758841811,-0.9004372061441059,-0.1236249456242561,2,11,140,True,[],[],[],0.14022100966755455
2-CHLOROACETOPHENONE>=2.385e-07,EmergencyRoomVisit,0.0614907940369914,neg_correlate,-0.3253935702531962,-0.6664506885529409,0.0156635480465482,2,10,141,True,[],[],[],0.10452379984599734
METHYL CHLORIDE (CHLOROMETHANE)>=1.205e+00,EmergencyRoomVisit,0.3772931460924805,neg_correlate,-0.1721614149796237,-0.5543476006905818,0.2100247707313342,2,38,113,True,[],[],[],0.03959799926153739
CHLOROPRENE>=7.318e-07		STYRENE>=1.075e-01,EmergencyRoomVisit,0.0945524246478186,pos_correlate,0.4236328739484443,-0.0730034568590877,0.9202692047559764,2,26,125,True,[],"Index(['CHLOROPRENE>=_and_STYRENE>='], dtype='object')","[['CHLOROPRENE>=_and_STYRENE>=', 'STYRENE>='], ['CHLOROPRENE>=_and_STYRENE>=', 'STYRENE>=']]",0.9597961172000661
CUMENE<2.755e-03,EmergencyRoomVisit,0.8938005266070668,neg_correlate,0.0267409208755305,-0.365862179686362,0.4193440214374231,2,39,112,True,[],[],[],0.07690611553597282
"METHYLHYDRAZINE>=3.682e-06		1,3-BUTADIENE<2.590e-01",EmergencyRoomVisit,0.0076549442162296,mixed_sign_profile,-0.5048484729176317,-0.8758697608155903,-0.133827185019673,2,40,111,True,[0.23890730360320955],"Index(['METHYLHYDRAZINE>=_and_1,3-BUTADIENE<'], dtype='object')",[],0.024389096652583334
CARBON DISULFIDE<5.609e-03,EmergencyRoomVisit,0.0330687248510224,neg_correlate,0.4630741042216418,0.0372162924639976,0.888931915979286,2,58,93,True,[],[],[],0.08946726296721319
